,Unnamed: 0,Country,France,Italy,Portugal,Spain,Austria,Bel-Lux,Denmark,Finland,Germany,Greece,Ireland,Netherlands,Sweden,Switzerland,United Kingdom,Other WEM,Bulgaria,Croatia,Georgia,Hungary,Moldova,Romania,Russia,Ukraine,Other ECA,Australia,New Zealand,Canada,United States,Argentina,Brazil,Chile,Mexico,Uruguay,Other LAC,Algeria,Morocco,South Africa,Tunisia,Turkey,Other AME,China,Hong Kong,India,Japan,Korea,Malaysia,Philippines,Singapore,Taiwan,Thailand,Other Asia Pacific,Other,World,Unnamed: 55,Coeff. of variation,Norway,Unnamed: 58,Unnamed: 59,Unnamed: 60,Unnamed: 61,Unnamed: 62,Unnamed: 63
0,0,1835,"337,700",0,0,0,0,0,0,0,0,0,0,0,0,0,"2,673,101",0,0,0,0,0,0,0,0,0,0,0,0,0,0,0,0,0,0,0,0,0,0,0,0,0,0.0,0,0,0,0,0,0,0,0,0,0,0,0.0,0,0.0,1.1,0,0.0,0.0,0.0,0.0,0.0,0.0
1,1,1836,"371,700",0,0,0,0,0,0,0,0,0,0,0,0,0,"2,786,753",0,0,0,0,0,0,0,0,0,0,0,0,0,0,0,0,0,0,0,0,0,0,0,0,0,0.0,0,0,0,0,0,0,0,0,0,0,0,0.0,0,0.0,1.08,0,0.0,0.0,0.0,0.0,0.0,0.0
2,2,1837,"391,600",0,0,0,0,0,0,0,0,0,0,0,0,0,"2,623,094",0,0,0,0,0,0,0,0,0,0,0,0,0,0,0,0,0,0,0,0,0,0,0,0,0,0.0,0,0,0,0,0,0,0,0,0,0,0,0.0,0,0.0,1.05,0,0.0,0.0,0.0,0.0,0.0,0.0
3,3,1838,"406,000",0,0,0,0,0,0,0,0,0,0,0,0,0,"2,627,640",0,0,0,0,0,0,0,0,0,0,0,0,0,0,0,0,0,0,0,0,0,0,0,0,0,0.0,0,0,0,0,0,0,0,0,0,0,0,0.0,0,0.0,1.04,0,0.0,0.0,0.0,0.0,0.0,0.0
4,4,1839,"432,400",0,0,0,0,0,0,0,0,0,0,0,0,0,"2,650,370",0,0,0,0,0,0,0,0,0,0,0,0,0,0,0,0,0,0,0,0,0,0,0,0,0,0.0,0,0,0,0,0,0,0,0,0,0,0,0.0,0,0.0,1.02,0,0.0,0.0,0.0,0.0,0.0,0.0
5,5,1840,"323,500",0,0,0,0,0,0,0,0,0,0,0,0,0,"2,582,179",0,0,0,0,0,0,0,0,0,0,0,0,0,0,0,0,0,0,0,0,0,0,0,0,0,0.0,0,0,0,0,0,0,0,0,0,0,0,0.0,0,0.0,1.1,0,0.0,0.0,0.0,0.0,0.0,0.0
6,6,1841,"416,600",0,0,0,0,0,0,0,0,0,0,0,0,0,"2,382,151",0,0,0,0,0,0,0,0,0,0,0,0,0,0,0,0,0,0,0,0,0,0,0,0,0,0.0,0,0,0,0,0,0,0,0,0,0,0,0.0,0,0.0,0.99,0,0.0,0.0,0.0,0.0,0.0,0.0
7,7,1842,"459,300",0,0,0,0,0,0,0,0,0,0,0,0,0,"2,327,598",0,0,0,0,0,0,0,0,0,0,0,0,0,0,0,0,0,0,0,0,0,0,0,0,0,0.0,0,0,0,0,0,0,0,0,0,0,0,0.0,0,0.0,0.95,0,0.0,0.0,0.0,0.0,0.0,0.0
8,8,1843,"424,400",0,0,0,0,0,0,0,0,0,0,0,0,0,"2,309,414",0,0,0,0,0,0,0,0,0,0,"25,429",0,0,0,0,0,0,0,0,0,0,0,0,0,0,0.0,0,0,0,0,0,0,0,0,0,0,0,0.0,"2,759,242",0.0,1.33,0,0.0,0.0,0.0,0.0,0.0,0.0
9,9,1844,"455,200",0,0,0,0,0,0,0,0,0,0,0,0,0,"2,395,789",0,0,0,0,0,0,0,0,0,0,"24,291",0,0,0,0,0,0,0,0,0,0,0,0,0,0,0.0,0,0,0,0,0,0,0,0,0,0,0,0.0,"2,875,280",0.0,1.32,0,0.0,0.0,0.0,0.0,0.0,0.0
10,10,1845,"469,800",0,0,0,0,0,0,0,0,0,0,0,0,0,"2,427,612",0,0,0,0,0,0,0,0,0,0,"25,010",0,0,0,0,0,0,0,0,0,0,0,0,0,0,0.0,0,0,0,0,0,0,0,0,0,0,0,0.0,"2,922,422",0.0,1.31,0,0.0,0.0,0.0,0.0,0.0,0.0
11,11,1846,"500,700",0,0,0,0,0,0,0,0,0,0,0,0,0,"2,645,824",0,0,0,0,0,0,0,0,0,0,"33,902",0,0,0,0,0,0,0,0,0,0,0,0,0,0,0.0,0,0,0,0,0,0,0,0,0,0,0,0.0,"3,180,426",0.0,1.31,0,0.0,0.0,0.0,0.0,0.0,0.0
12,12,1847,"410,500",0,0,0,0,0,0,0,0,0,0,0,0,0,"2,400,336",0,0,0,0,0,0,0,0,0,0,"27,991",0,0,0,0,0,0,0,0,0,0,0,0,0,0,0.0,0,0,0,0,0,0,0,0,0,0,0,0.0,"2,838,827",0.0,1.35,0,0.0,0.0,0.0,0.0,0.0,0.0
13,13,1848,"361,800",0,0,0,0,0,0,0,0,0,0,0,0,0,"2,404,882",0,0,0,0,0,0,0,0,0,0,"29,472",0,0,0,0,0,0,0,0,0,0,0,0,0,0,0.0,0,0,0,0,0,0,0,0,0,0,0,0.0,"2,796,154",0.0,1.38,0,0.0,0.0,0.0,0.0,0.0,0.0
14,14,1849,"377,500",0,0,0,0,0,0,0,0,0,0,0,0,0,"2,413,974",0,0,0,0,0,0,0,0,0,0,"28,906",0,0,0,0,0,0,0,0,0,0,0,0,0,0,0.0,0,0,0,0,0,0,0,0,0,0,0,0.0,"2,820,380",0.0,1.37,0,0.0,0.0,0.0,0.0,0.0,0.0
15,15,1850,"404,600",0,0,0,0,0,0,0,0,0,0,0,0,0,"2,454,889",0,0,0,0,0,0,0,0,0,0,"31,080",0,0,0,0,0,0,0,0,0,0,0,0,0,0,0.0,0,0,0,0,0,0,0,0,0,0,0,0.0,"2,890,569",0.0,1.35,0,0.0,0.0,0.0,0.0,0.0,0.0
16,16,1851,"444,200",0,0,0,0,0,0,0,0,0,0,0,0,0,"2,618,548",0,0,0,0,0,0,0,0,0,0,"35,154",0,0,0,0,0,0,0,0,0,0,0,0,0,0,0.0,0,0,0,0,0,0,0,0,0,0,0,0.0,"3,097,902",0.0,1.34,0,0.0,0.0,0.0,0.0,0.0,0.0
17,17,1852,"451,400",0,0,0,0,0,0,0,0,0,0,0,0,0,"2,664,009",0,0,0,0,0,0,0,0,0,0,"40,875",0,0,0,0,0,0,0,0,0,0,0,0,0,0,0.0,0,0,0,0,0,0,0,0,0,0,0,0.0,"3,156,283",0.0,1.34,0,0.0,0.0,0.0,0.0,0.0,0.0
18,18,1853,"504,100",0,0,0,0,0,0,0,0,0,0,0,0,0,"2,868,583",0,0,0,0,0,0,0,0,0,0,"67,351",0,0,0,0,0,0,0,0,0,0,0,0,0,0,0.0,0,0,0,0,0,0,0,0,0,0,0,0.0,"3,440,034",0.0,1.31,0,0.0,0.0,0.0,0.0,0.0,0.0
19,19,1854,"494,800",0,0,0,0,0,0,0,0,0,0,0,0,0,"2,595,817",0,0,0,0,0,0,0,0,0,0,"73,464",0,0,0,0,0,0,0,0,0,0,0,0,0,0,0.0,0,0,0,0,0,0,0,0,0,0,0,0.0,"3,164,081",0.0,1.28,0,0.0,0.0,0.0,0.0,0.0,0.0
20,20,1855,"568,400",0,0,0,0,0,0,0,0,0,0,0,0,0,"2,459,435",0,0,0,0,0,0,0,0,0,0,"70,430",0,0,0,0,0,0,0,0,0,0,0,0,0,0,0.0,0,0,0,0,0,0,0,0,0,0,0,0.0,"3,098,265",0.0,1.22,0,0.0,0.0,0.0,0.0,0.0,0.0
21,21,1856,"644,500",0,0,0,0,0,0,0,0,0,0,0,0,0,"2,718,562",0,0,0,0,0,0,0,0,0,0,"73,390",0,0,0,0,0,0,0,0,0,0,0,0,0,0,0.0,0,0,0,0,0,0,0,0,0,0,0,0.0,"3,436,451",0.0,1.22,0,0.0,0.0,0.0,0.0,0.0,0.0
22,22,1857,"708,600",0,0,0,0,0,0,0,0,0,0,0,0,0,"2,918,590",0,0,0,0,0,0,0,0,0,0,"88,670",0,0,0,0,0,0,0,0,0,0,0,0,0,0,0.0,0,0,0,0,0,0,0,0,0,0,0,0.0,"3,715,860",0.0,1.2,0,0.0,0.0,0.0,0.0,0.0,0.0
23,23,1858,"679,700",0,0,0,0,0,0,0,0,0,0,0,0,0,"2,900,405",0,0,0,0,0,0,0,0,0,0,"80,125","2,505",0,0,0,0,0,0,0,0,0,0,0,0,0,0.0,0,0,0,0,0,0,0,0,0,0,0,0.0,"3,662,736",0.0,1.48,0,0.0,0.0,0.0,0.0,0.0,0.0
24,24,1859,"669,600",0,0,0,0,0,0,0,0,0,0,0,0,0,"3,095,887",0,0,0,0,0,0,0,0,0,0,"84,505",0,0,0,0,0,0,0,0,0,0,0,0,0,0,0.0,0,0,0,0,0,0,0,0,0,0,0,0.0,"3,849,992",0.0,1.24,0,0.0,0.0,0.0,0.0,0.0,0.0
25,25,1860,"656,900",0,0,0,0,0,0,0,0,0,0,0,0,0,"3,264,093",0,0,0,0,0,0,0,0,0,0,"85,788",0,0,0,0,0,0,0,0,0,0,0,0,0,0,0.0,0,0,0,0,0,0,0,0,0,0,0,0.0,"4,006,781",0.0,1.27,0,0.0,0.0,0.0,0.0,0.0,0.0
26,26,1861,"689,500",0,0,0,0,0,0,0,0,0,0,0,0,0,"3,073,157",0,0,0,0,0,0,0,0,0,0,"78,887","2,408",0,0,0,0,0,0,0,0,0,0,0,0,0,0.0,0,0,0,0,0,0,0,0,0,0,0,0.0,"3,843,952",0.0,1.5,0,0.0,0.0,0.0,0.0,0.0,0.0
27,27,1862,"708,100",0,0,0,0,0,0,0,0,0,0,0,0,0,"3,186,809",0,0,0,0,0,0,0,0,0,0,"77,659",0,0,0,0,0,0,0,0,0,0,0,0,0,0,0.0,0,0,0,0,0,0,0,0,0,0,0,0.0,"3,972,568",0.0,1.24,0,0.0,0.0,0.0,0.0,0.0,0.0
28,28,1863,"706,900",0,0,0,0,0,0,0,0,0,0,0,0,0,"3,264,093",0,0,0,0,0,0,0,0,0,0,"75,369",0,0,0,0,0,0,0,0,0,0,0,0,0,0,0.0,0,0,0,0,0,0,0,0,0,0,0,0.0,"4,046,362",0.0,1.25,0,0.0,0.0,0.0,0.0,0.0,0.0
29,29,1864,"722,400",0,0,0,0,0,0,0,0,0,0,0,0,0,"3,523,220",0,0,0,0,0,0,0,0,0,0,"82,548","4,885",0,0,0,0,0,0,0,0,0,0,0,0,0,0.0,0,0,0,0,0,0,0,0,0,0,0,0.0,"4,333,053",0.0,1.53,0,0.0,0.0,0.0,0.0,0.0,0.0
30,30,1865,"770,000",0,0,0,0,0,0,0,0,0,0,0,0,0,"3,795,985",0,0,0,0,0,0,0,0,0,0,"99,393",0,0,0,0,0,0,0,0,0,0,0,0,0,0,0.0,0,0,0,0,0,0,0,0,0,0,0,0.0,"4,665,378",0.0,1.27,0,0.0,0.0,0.0,0.0,0.0,0.0
31,31,1866,"809,400",0,0,0,0,0,0,0,0,0,0,0,0,0,"4,118,758",0,0,0,0,0,0,0,0,0,0,"105,018",0,0,0,0,0,0,0,0,0,0,0,0,0,0,0.0,0,0,0,0,0,0,0,0,0,0,0,0.0,"5,033,175",0.0,1.28,0,0.0,0.0,0.0,0.0,0.0,0.0
32,32,1867,"704,500",0,0,0,0,0,0,0,0,0,0,0,0,0,"3,946,006",0,0,0,0,0,0,0,0,0,0,"114,907","15,680",0,0,0,0,0,0,0,0,0,0,0,0,0,0.0,0,0,0,0,0,0,0,0,0,0,0,0.0,"4,781,093",0.0,1.56,0,0.0,0.0,0.0,0.0,0.0,0.0
33,33,1868,"736,600",0,0,0,0,0,0,0,0,0,0,0,0,0,"3,982,375",0,0,0,0,0,0,0,0,0,0,"160,943",0,0,0,0,0,0,0,0,0,0,0,0,0,0,0.0,0,0,0,0,0,0,0,0,0,0,0,0.0,"4,879,918",0.0,1.27,0,0.0,0.0,0.0,0.0,0.0,0.0
34,34,1869,"756,800",0,0,0,0,0,0,0,0,0,0,0,0,0,"4,027,836",0,0,0,0,0,0,0,0,0,0,"139,521",0,0,0,0,0,0,0,0,0,0,0,0,0,0,0.0,0,0,0,0,0,0,0,0,0,0,0,0.0,"4,924,156",0.0,1.27,0,0.0,0.0,0.0,0.0,0.0,0.0
35,35,1870,"653,100",0,0,0,0,0,0,0,0,0,0,0,0,0,"4,068,751",0,0,0,0,0,0,0,0,0,0,"133,525",0,0,0,0,0,0,0,0,0,0,0,0,0,0,0.0,0,0,0,0,0,0,0,0,0,0,0,0.0,"4,855,375",0.0,1.32,0,0.0,0.0,0.0,0.0,0.0,0.0
36,36,1871,"690,000",0,0,0,0,0,0,0,0,0,0,0,0,0,"4,246,048",0,0,0,0,0,0,0,0,0,0,"118,486","25,153",0,0,0,0,0,0,0,0,0,0,0,0,0,0.0,0,0,0,0,0,0,0,0,0,0,0,0.0,"5,079,687",0.0,1.58,0,0.0,0.0,0.0,0.0,0.0,0.0
37,37,1872,"740,100",0,0,0,0,0,0,0,0,0,0,0,0,0,"4,541,544",0,0,0,0,0,0,0,0,0,0,"113,690",0,0,0,0,0,0,0,0,0,0,0,0,0,0,0.0,0,0,0,0,0,0,0,0,0,0,0,0.0,"5,395,334",0.0,1.33,0,0.0,0.0,0.0,0.0,0.0,0.0
38,38,1873,"766,000",0,0,0,0,0,0,0,0,0,0,0,0,0,"4,787,033",0,0,0,0,0,0,0,0,0,0,"126,168",0,0,0,0,0,0,0,0,0,0,0,0,0,0,0.0,0,0,0,0,0,0,0,0,0,0,0,0.0,"5,679,201",0.0,1.33,0,0.0,0.0,0.0,0.0,0.0,0.0
39,39,1874,"756,600",0,0,0,0,0,0,0,0,0,0,0,0,0,"4,927,962",0,0,0,0,0,0,0,0,0,0,"129,452","24,956",0,0,0,0,0,0,0,0,0,0,0,0,0,0.0,0,0,0,0,0,0,0,0,0,0,0,0.0,"5,838,970",0.0,1.6,0,0.0,0.0,0.0,0.0,0.0,0.0
40,40,1875,"759,600",0,0,0,0,0,0,0,0,0,0,0,0,0,"4,991,607",0,0,0,0,0,0,0,0,0,0,"120,691",0,0,0,0,0,0,0,0,0,0,0,0,0,0,0.0,0,0,0,0,0,0,0,0,0,0,0,0.0,"5,871,898",0.0,1.35,0,0.0,0.0,0.0,0.0,0.0,0.0
41,41,1876,"785,900",0,0,0,0,0,0,0,0,0,0,0,0,0,"5,205,273",0,0,0,0,0,0,0,0,0,0,"131,954",0,0,0,0,0,0,0,0,0,0,0,0,0,0,0.0,0,0,0,0,0,0,0,0,0,0,0,0.0,"6,123,127",0.0,1.35,0,0.0,0.0,0.0,0.0,0.0,0.0
42,42,1877,"803,400",0,0,0,0,0,0,0,0,0,0,0,0,0,"5,159,812",0,0,0,0,0,0,0,0,0,0,"140,980",0,0,0,0,0,0,0,0,0,0,0,0,0,0,0.0,0,0,0,0,0,0,0,0,0,0,0,0.0,"6,104,192",0.0,1.34,0,0.0,0.0,0.0,0.0,0.0,0.0
43,43,1878,"789,900",0,0,0,0,0,0,0,0,0,0,0,0,0,"5,182,543",0,0,0,0,0,0,0,0,0,0,"140,905","31,289",0,0,0,0,0,0,0,0,0,0,0,0,0,0.0,0,0,0,0,0,0,0,0,0,0,0,0.0,"6,144,636",0.0,1.6,0,0.0,0.0,0.0,0.0,0.0,0.0
44,44,1879,"765,800","11,233",0,0,0,0,0,0,0,0,0,0,0,0,"4,805,217",0,0,0,0,0,0,0,0,0,0,"136,770",0,0,0,0,0,0,0,0,0,0,0,0,0,0,0.0,0,0,0,0,0,0,0,0,0,0,0,0.0,"5,719,020",0.0,1.59,0,0.0,0.0,0.0,0.0,0.0,0.0
45,45,1880,"857,700","11,622",0,0,0,0,0,0,0,0,0,0,0,0,"4,964,330",0,0,0,0,0,0,0,"351,800",0,0,"126,913",0,0,0,0,0,0,0,0,0,0,0,0,0,0,0.0,0,0,0,0,0,0,0,0,0,0,0,0.0,"6,312,365",0.0,1.66,0,0.0,0.0,0.0,0.0,0.0,0.0
46,46,1881,"901,200","12,736",0,0,0,0,0,0,0,0,0,0,"95,200","92,800","4,432,500",0,0,0,0,0,0,0,"351,800",0,0,"127,613",0,0,"2,050,000",0,0,0,0,0,0,0,0,0,0,0,0.0,0,0,0,0,0,0,0,0,0,0,0,0.0,"8,063,849",0.0,1.53,0,0.0,0.0,0.0,0.0,0.0,0.0
47,47,1882,"860,300","13,126",0,0,0,0,0,0,0,0,0,0,"95,200","92,800","4,432,500",0,0,0,0,0,0,0,"351,800",0,0,"141,612",0,0,"2,050,000",0,0,0,0,0,0,0,0,0,0,0,0.0,0,0,0,0,0,0,0,0,0,0,0,0.0,"8,037,337",0.0,1.54,0,0.0,0.0,0.0,0.0,0.0,0.0
48,48,1883,"900,800","12,196",0,0,0,0,0,0,0,0,0,0,"95,200","92,800","4,432,500",0,0,0,0,0,0,0,"351,800",0,0,"146,500","18,923",0,"2,050,000",0,0,0,0,0,0,0,0,0,0,0,0.0,0,0,0,0,0,0,0,0,0,0,0,0.0,"8,100,719",0.0,1.64,0,0.0,0.0,0.0,0.0,0.0,0.0
49,49,1884,"885,500","14,419",0,0,0,0,0,0,0,0,0,0,"95,200","92,800","4,432,500",0,0,0,0,0,0,0,"351,800",0,0,"155,480","18,383",0,"2,050,000",0,0,0,0,0,0,0,0,0,0,0,0.0,0,0,0,0,0,0,0,0,0,0,0,0.0,"8,096,082",0.0,1.64,0,0.0,0.0,0.0,0.0,0.0,0.0
50,50,1885,"831,500","16,783",0,0,0,"951,100",0,0,"3,760,800",0,0,0,"95,200","92,800","4,432,500",0,0,0,0,"71,300",0,0,"358,500",0,0,"161,940","18,222",0,"2,050,000",0,0,0,0,0,0,0,0,0,0,0,0.0,0,0,0,0,0,0,0,0,0,0,0,0.0,"12,840,645",0.0,1.44,0,0.0,0.0,0.0,0.0,0.0,0.0
51,51,1886,"824,100","14,531",0,0,"1,156,000","959,600",0,0,"4,174,100",0,0,0,"104,500","104,400","4,438,000",0,0,0,0,"67,500",0,0,"364,800",0,0,"191,438","17,377",0,"2,433,000",0,0,0,0,0,0,0,0,0,0,0,0.0,0,0,0,0,0,0,0,0,0,0,0,0.0,"14,849,345",0.0,1.37,0,0.0,0.0,0.0,0.0,0.0,0.0
52,52,1887,"843,700","17,492",0,0,"1,230,000","1,027,600",0,0,"4,370,500",0,0,0,"107,500","105,900","4,536,000",0,0,0,0,"68,000",0,0,"376,700",0,0,"196,124","17,317",0,"2,716,000",0,0,0,0,0,0,0,0,0,0,0,0.0,0,0,0,0,0,0,0,0,0,0,0,0.0,"15,612,833",0.0,1.36,0,0.0,0.0,0.0,0.0,0.0,0.0
53,53,1888,"810,000","13,775",0,0,"1,221,300","1,026,600",0,0,"4,433,600",0,0,0,"129,000","114,400","4,457,000",0,0,0,0,"56,300",0,0,"396,000",0,0,"204,521","16,386",0,"2,907,000",0,0,0,0,0,0,0,0,0,0,0,0.0,0,0,0,0,0,0,0,0,0,0,0,0.0,"15,785,882",0.0,1.35,0,0.0,0.0,0.0,0.0,0.0,0.0
54,54,1889,"856,900","15,763",0,0,"1,247,900","1,071,400",0,0,"4,901,400",0,0,0,"134,500","120,000","4,877,000",0,0,0,0,"54,200",0,0,"397,100",0,0,"212,399","17,720",0,"2,952,000",0,0,0,0,0,0,0,0,0,0,0,0.0,0,0,0,0,0,0,0,0,0,0,0,0.0,"16,858,282",0.0,1.38,0,0.0,0.0,0.0,0.0,0.0,0.0
55,55,1890,"863,900","15,622",0,0,"1,305,000","1,084,300",0,0,"4,952,800",0,0,0,"131,000","132,900","5,110,000",0,0,0,0,"59,100",0,0,"377,200",0,0,"191,928","18,633",0,"3,239,000",0,0,0,0,0,0,0,0,0,0,0,0.0,0,0,0,0,0,0,0,0,0,0,0,0.0,"17,481,383",0.0,1.38,0,0.0,0.0,0.0,0.0,0.0,0.0
56,56,1891,"843,500","13,240",0,0,"1,348,200","1,083,100",0,0,"4,993,900",0,0,0,"148,000","140,900","5,180,000",0,0,0,0,"70,200",0,0,"386,000",0,0,"179,315","18,288",0,"3,700,000",0,0,0,0,0,0,0,0,0,0,0,0.0,0,0,0,0,0,0,0,0,0,0,0,0.0,"18,104,644",0.0,1.38,0,0.0,0.0,0.0,0.0,0.0,0.0
57,57,1892,"909,900","9,920",0,0,"1,452,000","1,099,000",0,0,"5,157,100",0,0,0,"148,000","148,900","5,154,000",0,0,0,0,"134,400",0,0,"345,000",0,0,"165,139","19,029",0,"3,735,000",0,0,0,0,0,0,0,0,0,0,0,0.0,0,0,0,0,0,0,0,0,0,0,0,0.0,"18,477,388",0.0,1.37,0,0.0,0.0,0.0,0.0,0.0,0.0
58,58,1893,"906,900","9,386",0,0,"1,551,900","1,146,000",0,0,"5,236,600",0,0,0,"152,500","155,600","5,169,000",0,0,0,0,"143,600",0,0,"376,700",0,0,"149,272",0,0,"4,076,000",0,0,0,0,0,0,0,0,0,0,0,0.0,0,0,0,0,0,0,0,0,0,0,0,0.0,"19,073,458",0.0,1.28,0,0.0,0.0,0.0,0.0,0.0,0.0
59,59,1894,"856,600","9,550",0,0,"1,567,400","1,164,000",0,0,"5,220,000",0,0,0,"161,000","155,400","5,192,000",0,0,0,0,"186,400",0,0,"477,900",0,0,"156,684",0,0,"3,922,000",0,0,0,0,0,0,0,0,0,0,0,0.0,0,0,0,0,0,0,0,0,0,0,0,0.0,"19,068,934",0.0,1.26,0,0.0,0.0,0.0,0.0,0.0,0.0
60,60,1895,"893,400","11,487",0,0,"1,632,100","1,231,600","201,600",0,"5,719,900",0,0,0,"174,500","174,100","5,270,000",0,0,0,0,"163,000",0,0,"537,000",0,0,"164,455","18,670",0,"3,947,000",0,0,0,0,0,0,0,0,0,0,0,0.0,0,0,0,0,0,0,0,0,0,0,0,0.0,"20,138,812",0.0,1.4,0,0.0,0.0,0.0,0.0,0.0,0.0
61,61,1896,"905,100","10,694",0,0,"1,764,500","1,287,200","213,500",0,"5,806,600",0,0,0,"210,400","192,700","5,500,000",0,0,0,0,"187,200",0,0,"565,900",0,0,"172,307",0,0,"4,213,000",0,0,0,0,0,0,0,0,0,0,0,0.0,0,0,0,0,0,0,0,0,0,0,0,0.0,"21,029,101",0.0,1.31,0,0.0,0.0,0.0,0.0,0.0,0.0
62,62,1897,"928,200","10,949",0,0,"1,808,300","1,331,000","224,300",0,"6,257,700",0,0,0,"225,500","206,000","5,687,000",0,0,0,0,"177,600",0,0,"538,500",0,0,"178,485",0,0,"4,047,000",0,0,0,0,0,0,0,0,0,0,0,0.0,0,0,0,0,0,0,0,0,0,0,0,0.0,"21,620,534",0.0,1.33,0,0.0,0.0,0.0,0.0,0.0,0.0
63,63,1898,"960,000","13,270",0,0,"1,826,400","1,384,000","228,900",0,"6,410,700",0,0,"159,200","253,300","217,300","5,828,000",0,0,0,0,"176,400",0,0,"592,200",0,0,"182,100","21,851",0,"4,400,000",0,0,0,0,0,0,0,0,0,0,0,0.0,0,0,0,0,0,0,0,0,0,0,0,0.0,"22,653,620",0.0,1.45,0,0.0,0.0,0.0,0.0,0.0,0.0
64,64,1899,"1,043,700","14,502",0,0,"1,879,200","1,442,600","242,900",0,"6,556,000",0,0,"162,600","296,000","219,800","6,025,000",0,0,0,0,"171,400",0,0,"587,600",0,0,"192,939","22,676",0,"4,300,000",0,0,0,0,0,0,0,0,0,0,0,0.0,0,0,0,0,0,0,0,0,0,0,0,0.0,"23,156,917",0.0,1.44,0,0.0,0.0,0.0,0.0,0.0,0.0
65,65,1900,"1,079,000","16,349",0,0,"1,907,200","1,476,300","244,900",0,"6,659,300",0,0,"158,500","289,600","221,700","5,900,000",0,0,0,0,"155,700",0,0,"574,600",0,0,"204,055","24,623",0,"4,623,000",0,0,0,0,0,0,0,0,0,0,0,0.0,0,0,0,0,0,0,0,0,0,0,0,0.0,"23,534,826",0.0,1.44,0,0.0,0.0,0.0,0.0,0.0,0.0
66,66,1901,"1,047,400","16,219",0,0,"1,902,600","1,480,900","242,700",0,"6,694,100",0,0,"166,200","312,700","202,200","5,821,000",0,0,0,0,"153,100",0,0,"570,800",0,0,"199,583","25,794",0,"4,700,000",0,0,0,0,0,0,0,0,0,0,0,0.0,0,0,0,0,0,0,0,0,0,0,0,0.0,"23,535,296",0.0,1.44,0,0.0,0.0,0.0,0.0,0.0,0.0
67,67,1902,"1,045,100","17,641",0,0,"1,862,600","1,457,900","239,200",0,"6,368,600",0,0,"160,600","294,200","206,600","5,768,000",0,0,0,0,"135,000",0,0,"667,200",0,0,"194,950","25,882",0,"5,230,000",0,0,0,0,0,0,0,0,0,0,0,0.0,0,0,0,0,0,0,0,0,0,0,0,0.0,"23,673,473",0.0,1.43,0,0.0,0.0,0.0,0.0,0.0,0.0
68,68,1903,"1,098,900","21,719",0,0,"1,816,100","1,496,000","236,400",0,"6,494,700",0,0,"164,000","300,300","215,700","5,724,000",0,0,0,0,"143,000",0,0,"663,800",0,0,"189,664","27,011",0,"5,489,000",0,0,0,0,0,0,0,0,0,0,0,0.0,0,0,0,0,0,0,0,0,0,0,0,0.0,"24,080,295",0.0,1.43,0,0.0,0.0,0.0,0.0,0.0,0.0
69,69,1904,"1,143,800","21,957",0,0,"1,870,500","1,548,500","241,000",0,"6,600,400",0,0,"167,900","317,600","219,200","5,600,700",0,0,0,0,"163,800",0,0,"730,000",0,0,"193,713","27,481",0,"5,674,000",0,0,0,0,0,0,0,0,0,0,0,0.0,0,0,0,0,0,0,0,0,0,0,0,0.0,"24,520,551",0.0,1.42,0,0.0,0.0,0.0,0.0,0.0,0.0
70,70,1905,"1,075,700","30,463",0,0,"1,793,500","1,591,800","243,800",0,"6,827,800",0,0,"164,600","320,800","234,700","5,446,000",0,0,0,0,"163,400",0,0,"879,000",0,0,"198,198","27,377",0,"5,822,000",0,0,0,0,0,0,0,0,0,0,0,0.0,0,0,0,0,0,0,0,0,0,0,0,0.0,"24,819,138",0.0,1.42,0,0.0,0.0,0.0,0.0,0.0,0.0
71,71,1906,"1,164,500","35,992",0,0,"1,915,400","1,659,600","249,700",0,"6,871,400",0,0,"167,400","329,300","247,700","5,555,000",0,0,0,0,"188,900",0,0,"930,000",0,0,"202,731","29,026",0,"6,434,000",0,0,0,0,0,0,0,0,0,0,0,0.0,0,0,0,0,0,0,0,0,0,0,0,0.0,"25,980,648",0.0,1.41,0,0.0,0.0,0.0,0.0,0.0,0.0
72,72,1907,"1,139,200","44,749",0,0,"1,967,900","1,649,000","245,500",0,"6,928,900",0,0,"163,000","315,200","252,300","5,534,000",0,0,0,0,"209,800",0,0,"875,500",0,0,"207,663","31,668",0,"6,896,000",0,0,0,0,0,0,0,0,0,0,0,0.0,0,0,0,0,0,0,0,0,0,0,0,0.0,"26,460,380",0.0,1.43,0,0.0,0.0,0.0,0.0,0.0,0.0
73,73,1908,"1,178,800","54,780",0,0,"2,065,500","1,615,500","251,900",0,"6,673,300",0,0,"154,600","311,900","252,800","5,428,000",0,0,0,0,"239,600",0,0,"920,500",0,0,"213,475","32,752",0,"6,922,000",0,0,0,0,0,0,0,0,0,0,0,0.0,0,0,0,0,0,0,0,0,0,0,0,0.0,"26,315,407",0.0,1.41,0,0.0,0.0,0.0,0.0,0.0,0.0
74,74,1909,"1,138,500","56,719",0,0,"1,866,000","1,558,600","233,600",0,"6,346,500",0,0,"147,200","373,500","244,600","5,269,000",0,0,0,0,"211,000",0,0,0,0,0,"203,788","32,200",0,"6,634,000",0,0,0,0,0,0,0,0,0,0,0,0.0,0,0,0,0,0,0,0,0,0,0,0,0.0,"24,315,207",0.0,1.4,0,0.0,0.0,0.0,0.0,0.0,0.0
75,75,1910,"1,227,200","59,832",0,0,"1,996,300","1,628,200","247,300",0,"6,413,000",0,0,"155,400","258,100","261,800","5,370,000",0,0,0,0,"238,000",0,0,0,0,0,"232,472","33,282",0,"7,010,000",0,0,0,0,0,0,0,0,0,0,0,0.0,0,0,0,0,0,0,0,0,0,0,0,0.0,"25,130,885",0.0,1.4,0,0.0,0.0,0.0,0.0,0.0,0.0
76,76,1911,"1,438,400","72,146",0,0,"2,117,000","1,729,900","255,100",0,"6,998,700",0,0,"175,900","277,100","311,700","5,610,000",0,0,0,0,"291,700",0,0,0,0,0,"253,023","33,765",0,"7,445,000",0,0,0,0,0,0,0,0,0,0,0,0.0,0,0,0,0,0,0,0,0,0,0,0,0.0,"27,009,433",0.0,1.39,0,0.0,0.0,0.0,0.0,0.0,0.0
77,77,1912,"1,207,800","67,291",0,0,"2,130,800","1,689,900","232,700",0,"6,748,600",0,0,"166,200","265,800","311,400","5,564,000",0,0,0,0,"320,700",0,0,0,0,0,"278,813","34,916",0,"7,315,000",0,0,0,0,0,0,0,0,0,0,0,0.0,0,0,0,0,0,0,0,0,0,0,0,0.0,"26,333,920",0.0,1.4,0,0.0,0.0,0.0,0.0,0.0,0.0
78,78,1913,"1,285,900","65,228",0,0,"1,936,500","1,707,800","235,900",0,"6,881,800",0,0,"177,500","274,500","307,700","5,776,000",0,0,0,0,"326,800",0,0,0,0,0,"295,615",0,0,"7,695,000",0,0,0,0,0,0,0,0,0,0,0,0.0,0,0,0,0,0,0,0,0,0,0,0,0.0,"26,966,242",0.0,1.34,0,0.0,0.0,0.0,0.0,0.0,0.0
79,79,1914,"904,600","52,560",0,0,0,0,"239,300",0,"5,907,300",0,0,"173,600","293,000","289,700","5,592,000",0,0,0,0,"334,600",0,0,0,0,0,"294,859","40,412",0,"7,780,000",0,0,0,0,0,0,0,0,0,0,0,0.0,0,0,0,0,0,0,0,0,0,0,0,0.0,"21,901,931",0.0,1.55,0,0.0,0.0,0.0,0.0,0.0,0.0
80,80,1915,"580,700","60,002",0,0,0,0,"225,900",0,"4,602,100",0,0,"175,900","211,800","218,700","4,766,000",0,0,0,0,"329,200",0,0,0,0,0,"280,410","41,253",0,"7,025,000",0,0,0,0,0,0,0,0,0,0,0,0.0,0,0,0,0,0,0,0,0,0,0,0,0.0,"18,516,965",0.0,1.58,0,0.0,0.0,0.0,0.0,0.0,0.0
81,81,1916,"790,500","61,964",0,0,0,0,"236,900",0,"3,702,400",0,0,"174,000","238,600","166,700","4,358,000",0,0,0,0,"300,900",0,0,0,0,0,"261,714","43,564",0,"6,880,000",0,0,0,0,0,0,0,0,0,0,0,0.0,0,0,0,0,0,0,0,0,0,0,0,0.0,"17,215,242",0.0,1.58,0,0.0,0.0,0.0,0.0,0.0,0.0
82,82,1917,"709,900","41,134",0,0,0,0,"23,100",0,"2,387,600",0,0,0,"237,300","119,300","2,642,000",0,0,0,0,"99,400",0,0,0,0,0,"268,200","43,346",0,"7,130,000",0,0,0,0,0,0,0,0,0,0,0,0.0,0,0,0,0,0,0,0,0,0,0,0,0.0,"13,701,281",0.0,1.74,0,0.0,0.0,0.0,0.0,0.0,0.0
83,83,1918,"439,600","50,451",0,0,0,"962,700","171,700",0,"2,495,700",0,0,"65,000","149,900","82,600","2,090,500",0,0,0,0,0,0,0,0,0,0,"285,909","40,302",0,"5,890,000",0,0,0,0,0,0,0,0,0,0,0,0.0,0,0,0,0,0,0,0,0,0,0,0,0.0,"12,724,362",0.0,1.64,0,0.0,0.0,0.0,0.0,0.0,0.0
84,84,1919,"670,000","94,910",0,0,0,"1,056,200","212,900",0,"2,940,700",0,0,"85,000","150,800","90,900","3,546,000",0,0,0,0,"114,900",0,0,0,0,0,"316,065",0,0,"3,240,000",0,0,0,0,0,0,0,0,0,0,0,0.0,0,0,0,0,0,0,0,0,0,0,0,0.0,"12,518,375",0.0,1.31,0,0.0,0.0,0.0,0.0,0.0,0.0
85,85,1920,"790,900","115,702",0,0,"277,100","1,269,300","263,300",0,"2,339,900",0,0,"121,400","204,000","107,200","4,401,000",0,0,0,0,"42,500",0,0,0,0,0,"297,125",0,0,"1,076,000",0,0,0,0,0,0,0,0,0,0,0,0.0,0,0,0,0,0,0,0,0,0,0,0,0.0,"11,305,428",0.0,1.44,0,0.0,0.0,0.0,0.0,0.0,0.0
86,86,1921,"970,000","136,944",0,0,"343,100","1,581,800","239,400",0,"3,358,800",0,0,"177,000","207,300","138,600","3,984,000",0,0,0,0,"43,800",0,0,0,0,0,"285,213",0,0,"1,082,000",0,0,0,0,0,0,0,0,0,0,0,0.0,0,0,0,0,0,0,0,0,0,0,0,0.0,"12,547,957",0.0,1.34,0,0.0,0.0,0.0,0.0,0.0,0.0
87,87,1922,"1,079,200","118,751",0,0,"237,800","1,463,100","205,100",0,"3,069,000",0,0,"183,800","182,400","137,200","3,422,000",0,0,0,0,"76,400",0,0,0,0,0,"286,301","55,088",0,"745,000",0,0,0,0,0,0,0,0,0,0,0,0.0,0,0,0,0,0,0,0,0,0,0,0,0.0,"11,261,139",0.0,1.39,0,0.0,0.0,0.0,0.0,0.0,0.0
88,88,1923,"1,205,300","146,522",0,0,"375,700","1,502,900","211,500",0,"2,777,300",0,0,"180,900","204,100","146,600","3,396,500",0,0,0,0,"35,100",0,0,0,0,0,"286,922",0,0,"618,000","239,858",0,0,0,0,0,0,0,0,0,0,0.0,0,0,0,0,0,0,0,0,0,0,0,0.0,"11,327,202",0.0,1.31,0,0.0,0.0,0.0,0.0,0.0,0.0
89,89,1924,"1,210,100","128,103",0,0,"459,900","1,479,700","214,800",0,"3,775,800",0,0,"181,400","211,600","160,300","3,587,300",0,0,0,0,"42,000",0,0,0,0,0,"294,918",0,0,"575,000","243,449",0,0,0,0,0,0,0,0,0,0,0.0,0,0,0,0,0,0,0,0,0,0,0,0.0,"12,564,369",0.0,1.39,0,0.0,0.0,0.0,0.0,0.0,0.0
90,90,1925,"1,172,300","121,825",0,0,"516,500","1,407,400","228,800",0,"4,721,500",0,0,"186,900","228,600","186,000","3,620,900",0,0,0,0,"61,300",0,0,0,0,0,"306,335",0,0,"601,500","247,093",0,0,0,0,0,0,0,0,0,0,0.0,0,0,0,0,0,0,0,0,0,0,0,0.0,"13,606,952",0.0,1.47,0,0.0,0.0,0.0,0.0,0.0,0.0
91,91,1926,"1,090,500","129,572",0,0,"545,000","1,336,300","215,700",0,"4,796,200",0,0,"194,200","237,200","207,100","3,479,000",0,0,0,0,"45,500",0,0,0,0,0,"318,636",0,0,"570,500","250,791",0,0,0,0,0,0,0,0,0,0,0.0,0,0,0,0,0,0,0,0,0,0,0,0.0,"13,416,199",0.0,1.48,0,0.0,0.0,0.0,0.0,0.0,0.0
92,92,1927,"1,143,000","98,252",0,0,"506,300","1,507,400","198,800",0,"5,117,300",0,0,"191,200","255,000","208,700","3,436,100",0,0,0,0,"69,000",0,0,0,0,0,"321,776",0,0,"515,000","254,545",0,0,0,0,0,0,0,0,0,0,0.0,0,0,0,0,0,0,0,0,0,0,0,0.0,"13,822,373",0.0,1.51,0,0.0,0.0,0.0,0.0,0.0,0.0
93,93,1928,"1,294,300","112,730",0,0,"535,700","1,554,400","190,800",0,"5,455,600",0,0,"214,800","260,300","237,100","3,363,800",0,0,0,0,"67,000",0,0,0,0,0,"324,083",0,0,"489,000",0,0,0,0,0,0,0,0,0,0,0,0.0,0,0,0,0,0,0,0,0,0,0,0,0.0,"14,099,613",0.0,1.48,0,0.0,0.0,0.0,0.0,0.0,0.0
94,94,1929,"1,393,800","90,219",0,0,"521,600","1,688,000","198,400",0,"5,761,400",0,0,"219,200","276,900","257,500","3,333,000",0,0,0,0,"60,200",0,0,0,0,0,"297,123",0,0,"454,500",0,0,0,0,0,0,0,0,0,0,0,0.0,0,0,0,0,0,0,0,0,0,0,0,0.0,"14,551,842",0.0,1.5,0,0.0,0.0,0.0,0.0,0.0,0.0
95,95,1930,"1,455,800","67,232",0,0,"507,800","1,857,900","213,700",0,"4,810,200",0,0,"218,800","301,700","264,700","3,265,000",0,0,0,0,"44,700",0,0,0,0,0,"238,765",0,0,"432,600",0,0,0,0,0,0,0,0,0,0,0,0.0,0,0,0,0,0,0,0,0,0,0,0,0.0,"13,678,897",0.0,1.39,0,0.0,0.0,0.0,0.0,0.0,0.0
96,96,1931,"1,477,700","43,309",0,0,"397,500","1,570,800","206,600",0,"3,675,700",0,0,"203,900","287,500","265,500","2,856,000",0,0,0,0,"30,900",0,0,0,0,0,"217,171",0,0,"368,600",0,0,0,0,0,0,0,0,0,0,0,0.0,0,0,0,0,0,0,0,0,0,0,0,0.0,"11,601,180",0.0,1.32,0,0.0,0.0,0.0,0.0,0.0,0.0
97,97,1932,"1,410,800","42,225",0,0,"308,100","1,477,600","189,500",0,"3,332,600",0,0,"175,400","281,500","255,600","3,167,000",0,0,0,0,"18,300",0,0,0,0,0,"222,191",0,0,0,0,0,0,0,0,0,0,0,0,0,0,0.0,0,0,0,0,0,0,0,0,0,0,0,0.0,"10,880,816",0.0,1.32,0,0.0,0.0,0.0,0.0,0.0,0.0
98,98,1933,"1,423,700","37,237",0,0,"229,500","1,480,600","189,900",0,"3,392,400",0,0,"156,700","247,600","244,300","3,327,000",0,0,0,0,"16,400",0,0,0,0,0,"241,730",0,0,0,0,0,0,0,0,0,0,0,0,0,0,0.0,0,0,0,0,0,0,0,0,0,0,0,0.0,"10,987,067",0.0,1.36,0,0.0,0.0,0.0,0.0,0.0,0.0
99,99,1934,"1,336,000","28,905",0,0,"242,200","1,419,400","203,200",0,"3,666,600",0,0,"145,800","246,400","249,200","3,550,000",0,0,0,0,"16,700",0,0,0,0,0,"263,635",0,0,0,0,0,0,0,0,0,0,0,0,0,0,0.0,0,0,0,0,0,0,0,0,0,0,0,0.0,"11,368,040",0.0,1.4,0,0.0,0.0,0.0,0.0,0.0,0.0
100,100,1935,"1,206,500","49,745",0,0,0,"1,446,800",0,0,"3,951,400",0,0,0,0,"235,000","3,710,000",0,0,0,0,"18,500",0,0,0,0,0,"293,760",0,0,0,0,0,0,0,0,0,0,0,0,0,0,0.0,0,0,0,0,0,0,0,0,0,0,0,0.0,"10,911,705",0.0,1.18,0,0.0,0.0,0.0,0.0,0.0,0.0
101,101,1936,"1,130,900","57,690",0,0,0,0,0,0,"3,960,100",0,0,0,0,"208,000","3,790,000",0,0,0,0,"22,000",0,0,0,0,0,"318,801",0,0,0,0,0,0,0,0,0,0,0,0,0,0,0.0,0,0,0,0,0,0,0,0,0,0,0,0.0,"9,487,491",0.0,1.3,0,0.0,0.0,0.0,0.0,0.0,0.0
102,102,1937,"1,184,400","61,267",0,0,0,0,0,0,0,0,0,0,0,0,0,0,0,0,0,0,0,0,0,0,0,"361,329",0,0,0,0,0,0,0,0,0,0,0,0,0,0,0.0,0,0,0,0,0,0,0,0,0,0,0,0.0,"1,606,996",0.0,1.09,0,0.0,0.0,0.0,0.0,0.0,0.0
103,103,1938,"1,184,400","70,870",0,0,0,0,0,0,0,0,0,0,0,0,0,0,0,0,0,0,0,0,0,0,0,"380,661",0,0,0,0,0,0,0,0,0,0,0,0,0,0,0.0,0,0,0,0,0,0,0,0,0,0,0,0.0,"1,635,931",0.0,1.05,0,0.0,0.0,0.0,0.0,0.0,0.0
104,104,1939,0,"82,954",0,0,0,0,0,0,0,0,0,0,0,0,"3,154,447",0,0,0,0,0,0,0,0,0,0,"408,437",0,0,0,0,0,0,0,0,0,0,0,0,0,0,0.0,0,0,0,0,0,0,0,0,0,0,0,0.0,"3,645,838",0.0,1.39,0,0.0,0.0,0.0,0.0,0.0,0.0
105,105,1940,0,"81,468",0,0,0,0,0,0,0,0,0,0,0,0,"3,084,578",0,0,0,0,0,0,0,0,0,0,"438,845",0,0,0,0,0,0,0,0,0,0,0,0,0,0,0.0,0,0,0,0,0,0,0,0,0,0,0,0.0,"3,604,891",0.0,1.37,0,0.0,0.0,0.0,0.0,0.0,0.0
106,106,1941,0,"63,267",0,0,0,0,0,0,0,0,0,0,0,0,"3,256,222",0,0,0,0,0,0,0,0,0,0,"444,761",0,0,0,0,0,0,0,0,0,0,0,0,0,0,0.0,0,0,0,0,0,0,0,0,0,0,0,0.0,"3,764,250",0.0,1.39,0,0.0,0.0,0.0,0.0,0.0,0.0
107,107,1942,0,"29,914",0,0,0,0,0,0,0,0,0,0,0,0,"3,062,889",0,0,0,0,0,0,0,0,0,0,"410,165",0,0,0,0,0,0,0,0,0,0,0,0,0,0,0.0,0,0,0,0,0,0,0,0,0,0,0,0.0,"3,502,968",0.0,1.42,0,0.0,0.0,0.0,0.0,0.0,0.0
108,108,1943,0,0,0,0,0,0,0,0,0,0,0,0,0,0,"3,171,822",0,0,0,0,0,0,0,0,0,0,"427,582",0,0,0,0,0,0,0,0,0,0,0,0,0,0,0.0,0,0,0,0,0,0,0,0,0,0,0,0.0,"3,599,404",0.0,1.08,0,0.0,0.0,0.0,0.0,0.0,0.0
109,109,1944,0,"34,685",0,0,0,0,0,0,0,0,0,0,0,0,"3,287,822",0,0,0,0,0,0,0,0,0,0,"428,573",0,0,0,0,0,0,0,0,0,0,0,0,0,0,0.0,0,0,0,0,0,0,0,0,0,0,0,0.0,"3,751,080",0.0,1.42,0,0.0,0.0,0.0,0.0,0.0,0.0
110,110,1945,0,"69,644",0,0,0,0,0,0,0,0,0,0,0,0,0,0,0,0,0,0,0,0,0,0,0,"429,965",0,0,0,0,0,0,0,0,0,0,0,0,0,0,0.0,0,0,0,0,0,0,0,0,0,0,0,0.0,"499,609",0.0,1.02,0,0.0,0.0,0.0,0.0,0.0,0.0
111,111,1946,0,"89,795",0,0,0,0,0,0,0,0,0,0,0,0,0,0,0,0,0,0,0,0,0,0,0,"453,113",0,0,0,0,0,0,0,0,0,0,0,0,0,0,0.0,0,0,0,0,0,0,0,0,0,0,0,0.0,"542,908",0.0,0.95,0,0.0,0.0,0.0,0.0,0.0,0.0
112,112,1947,0,"91,852",0,0,0,0,0,0,0,0,0,0,0,0,0,0,0,0,0,0,0,0,0,0,0,"543,431",0,0,0,0,0,0,0,0,0,0,0,0,0,0,0.0,0,0,0,0,0,0,0,0,0,0,0,0.0,"635,283",0.0,1.01,0,0.0,0.0,0.0,0.0,0.0,0.0
113,113,1948,0,"89,211",0,0,0,0,0,0,0,0,0,0,0,0,0,0,0,0,0,0,0,0,0,0,0,"537,380",0,0,0,0,0,0,0,0,0,0,0,0,0,0,0.0,0,0,0,0,0,0,0,0,0,0,0,0.0,"626,591",0.0,1.01,0,0.0,0.0,0.0,0.0,0.0,0.0
114,114,1949,0,"119,976",0,0,0,0,0,0,0,0,0,0,0,0,0,0,0,0,0,0,0,0,0,0,0,"633,543",0,0,0,0,0,0,0,0,0,0,0,0,0,0,0.0,0,0,0,0,0,0,0,0,0,0,0,0.0,"753,519",0.0,0.96,0,0.0,0.0,0.0,0.0,0.0,0.0
115,115,1950,"926,892","138,298",0,0,0,0,0,"92,205",0,0,0,0,"268,636",0,"4,214,067",0,0,0,0,0,0,0,0,0,0,"667,111",0,"767,826","9,310,673",0,0,0,0,0,0,0,0,0,0,0,0.0,0,0,0,0,0,0,0,0,0,0,0,0.0,"16,385,708",0.0,1.58,0,0.0,0.0,0.0,0.0,0.0,0.0
116,116,1951,"895,816","116,704",0,0,0,0,0,"109,277",0,0,0,0,"270,781",0,"4,236,186",0,0,0,0,0,0,0,0,0,0,"745,254",0,"836,911","9,360,639",0,0,0,0,0,0,0,0,0,0,0,0.0,0,0,0,0,0,0,0,0,0,0,0,0.0,"16,571,568",0.0,1.56,0,0.0,0.0,0.0,0.0,0.0,0.0
117,117,1952,"993,232","147,877",0,0,0,0,0,"106,353",0,0,0,0,"272,888",0,"4,165,834",0,0,0,0,0,0,0,0,0,0,"822,665","146,492","922,620","9,523,874",0,0,0,0,0,0,0,0,0,0,0,0.0,0,0,0,0,0,0,0,0,0,0,0,0.0,"17,101,835",0.0,1.65,0,0.0,0.0,0.0,0.0,0.0,0.0
118,118,1953,"1,022,133","134,218",0,0,0,0,0,"107,624",0,0,0,0,"274,649",0,"4,120,439",0,0,0,0,0,0,0,0,0,0,"867,003","183,446","948,961","9,626,573",0,0,0,0,0,0,0,0,0,0,0,0.0,0,0,0,0,0,0,0,0,0,0,0,0.0,"17,285,047",0.0,1.64,0,0.0,0.0,0.0,0.0,0.0,0.0
119,119,1954,"1,060,492","141,098",0,0,0,0,0,"108,859",0,0,0,0,"276,258",0,"4,013,142",0,0,0,0,0,0,0,0,0,0,"932,758","190,234","916,284","9,322,107",0,0,0,0,0,0,0,0,0,0,0,0.0,0,0,0,0,0,0,0,0,0,0,0,0.0,"16,961,232",0.0,1.61,0,0.0,0.0,0.0,0.0,0.0,0.0
120,120,1955,"1,207,151","153,431",0,0,0,0,0,"114,342",0,0,0,0,"278,135",0,"4,059,615",0,0,0,0,0,0,0,0,0,0,"1,002,340","206,781","975,862","9,483,115",0,0,0,0,0,0,0,0,0,0,0,0.0,0,0,0,0,0,0,0,0,0,0,0,0.0,"17,480,772",0.0,1.59,0,0.0,0.0,0.0,0.0,0.0,0.0
121,121,1956,"1,241,465","167,580",0,0,0,0,0,"107,043",0,0,0,0,"280,165",0,"4,087,914",0,0,0,0,0,0,0,0,0,0,"1,023,166","216,958","1,006,439","9,519,735",0,0,0,0,0,0,0,0,0,0,0,0.0,0,0,0,0,0,0,0,0,0,0,0,0.0,"17,650,464",0.0,1.58,0,0.0,0.0,0.0,0.0,0.0,0.0
122,122,1957,"1,471,955","169,747",0,0,0,0,0,"108,100",0,0,0,0,"282,041",0,"4,111,965",0,0,0,0,0,0,0,0,0,0,"991,625","226,062","1,041,021","9,318,566",0,0,0,0,0,0,0,0,0,0,0,0.0,0,0,0,0,0,0,0,0,0,0,0,0.0,"17,721,083",0.0,1.54,0,0.0,0.0,0.0,0.0,0.0,0.0
123,123,1958,"1,734,852","195,884",0,0,0,0,0,"100,275",0,0,0,0,"283,765",0,"3,994,166",0,0,0,0,0,0,0,0,0,0,"1,018,938","237,508","1,002,319","9,421,562",0,0,0,0,0,0,0,0,0,0,0,0.0,0,0,0,0,0,0,0,0,0,0,0,0.0,"17,989,269",0.0,1.52,0,0.0,0.0,0.0,0.0,0.0,0.0
124,124,1959,"1,803,644","207,109",0,0,0,0,0,"109,868",0,0,0,0,"285,182",0,"4,202,206",0,0,0,0,0,0,0,0,0,0,"1,003,263","221,457","1,090,194","9,782,862",0,0,0,0,0,0,0,0,0,0,0,0.0,0,0,0,0,0,0,0,0,0,0,0,0.0,"18,705,784",0.0,1.52,0,0.0,0.0,0.0,0.0,0.0,0.0
125,125,1960,"1,649,074","248,889",0,0,0,0,0,"110,740",0,0,0,0,"286,484",0,"4,428,123",0,0,0,0,0,0,0,0,0,0,"1,046,205","237,175","1,096,006","9,830,605",0,0,0,0,0,0,0,0,0,0,0,0.0,0,0,0,0,0,0,0,0,0,0,0,0.0,"18,933,300",0.0,1.52,0,0.0,0.0,0.0,0.0,0.0,0.0
126,126,1961,"1,950,471","336,813","42,672","500,000","598,393","1,340,000","386,670","96,648","8,238,823","300,000","235,000","340,575","305,602","510,000","5,230,248","117,968","160,000","80,000",0,"433,381",0,"226,439","3,000,000","750,000","2,941,194","1,066,326","242,600","1,123,689","10,350,214","242,118","700,000","115,000","861,285","104,082","2,726,470","91,010","50,987","86,403","22,726","77,393",1289823.0,"88,023","20,583","52,000","1,476,814","13,449","41,722","121,007","32,014","10,000","7,185","75,567",0.0,"49,209,389",0.0,2.03,"140,381",0.0,0.0,0.0,0.0,0.0,0.0
127,127,1962,"1,433,965","415,889","38,374","526,689","637,320","1,360,000","392,982","93,561","8,774,030","310,000","240,000","361,876","302,097","510,000","5,241,869","114,670","160,000","85,000",0,"440,158",0,"249,809","3,000,000","800,000","2,967,613","1,083,683","256,341","1,169,528","10,748,370","197,034","700,000","115,000","855,809","63,698","2,752,289","67,733","39,018","97,989","20,827","82,765",1257632.0,"88,163","21,156","54,000","1,510,438","6,897","36,253","152,679","21,654","12,000","11,072","77,307",0.0,"49,955,237",0.0,2.07,"135,044",0.0,0.0,0.0,0.0,0.0,0.0
128,128,1963,"1,982,215","462,467","55,809","642,482","676,638","1,382,098","408,120","98,633","9,317,630","325,370","245,007","414,455","329,105","510,000","5,297,562","123,105","164,218","90,000",0,"460,231",0,"262,433","3,165,860","850,000","3,190,240","1,117,824","285,469","1,226,336","11,136,404","123,615","665,399","114,801","859,211","75,831","2,865,178","44,374","34,697","198,223","17,248","30,680",1307938.0,"89,589","22,848","56,000","1,765,083","14,076","33,803","233,391","25,749","15,000","11,384","79,164",0.0,"52,902,992",0.0,2.04,"145,032",0.0,0.0,0.0,0.0,0.0,0.0
129,129,1964,"2,249,120","475,445","56,054","760,771","740,683","1,447,151","439,226","100,633","10,115,631","318,121","255,944","470,692","334,241","510,000","5,546,978","124,345","156,954","95,000",0,"476,080",0,"278,081","3,193,348","900,000","3,389,892","1,178,451","294,274","1,273,334","11,687,762","169,988","776,886","111,889","1,036,420","73,275","2,927,536","35,685","46,392","168,003","22,263","31,340",1406426.0,"91,186","25,129","58,000","2,028,919","25,062","32,416","232,878","24,930","25,000","15,611","81,010",0.0,"56,314,453",0.0,2.04,"145,311",0.0,0.0,0.0,0.0,0.0,0.0
130,130,1965,"2,169,530","496,753","71,940","829,832","742,656","1,409,880","415,046","117,997","10,215,558","347,324","253,595","506,725","347,861","510,000","5,550,679","132,979","190,643","100,000",0,"497,690",0,"302,616","3,542,595","950,000","3,531,666","1,239,296","303,677","1,300,608","11,882,194","249,147","758,480","196,494","1,121,393","78,352","2,813,002","37,982","40,776","205,717","21,899","36,132",1488412.0,"93,298","26,374","60,000","2,006,274","43,621","39,045","248,549","27,867","25,000","16,056","82,834",0.0,"57,676,047",0.0,2.02,"153,064",0.0,0.0,0.0,0.0,0.0,0.0
131,131,1966,"2,260,189","570,040","87,437","947,907","807,212","1,416,224","472,929","129,917","10,594,494","351,496","263,630","538,861","376,363","514,991","5,685,625","137,857","213,735","105,000",0,"523,830",0,"337,953","3,907,252","1,000,000","3,677,166","1,266,218","322,668","1,368,004","12,289,529","249,820","692,915","174,609","1,178,441","61,754","2,822,586","41,867","49,851","210,905","23,408","41,085",1606956.0,"95,601","20,054","62,000","2,171,010","41,235","40,166","220,624","31,434","24,318","37,108","84,757",0.0,"60,149,031",0.0,2.0,"159,295",0.0,0.0,0.0,0.0,0.0,0.0
132,132,1967,"2,299,535","608,870","93,162","1,105,524","809,995","1,477,521","491,688","140,607","10,684,488","348,866","267,751","620,907","397,464","527,226","5,787,179","144,769","245,568","110,000",0,"564,612",0,"366,571","4,096,281","1,050,000","3,731,282","1,323,499","335,954","1,417,826","12,610,641","236,121","803,387","183,497","1,246,019","57,093","2,781,463","49,262","45,908","192,011","24,554","37,955",1643077.0,"98,298","25,820","64,000","2,510,072","57,662","39,013","290,841","34,414","28,976","33,886","86,721",0.0,"62,227,833",0.0,1.97,"167,361",0.0,0.0,0.0,0.0,0.0,0.0
133,133,1968,"2,270,495","630,191","104,995","1,212,539","848,507","1,495,026","510,073","153,847","10,872,505","349,609","294,531","640,703","453,928","511,929","5,929,826","157,737","265,321","115,000",0,"582,895",0,"390,942","4,290,018","1,100,000","3,886,137","1,391,972","340,891","1,435,616","13,059,989","269,221","898,437","174,023","1,277,881","76,691","2,920,323","52,445","43,647","213,749","24,643","39,051",1676169.0,"101,408","21,898","66,000","2,482,057","47,251","39,052","349,155","34,275","37,777","39,182","88,725",0.0,"64,268,281",0.0,1.96,"182,343",0.0,0.0,0.0,0.0,0.0,0.0
134,134,1969,"2,328,436","651,830","139,595","1,190,861","799,116","1,560,529","555,530","220,104","11,804,115","359,599","306,336","738,684","515,849","528,690","6,196,358","171,362","307,188","120,000",0,"619,374",0,"413,448","4,449,668","1,150,000","4,036,843","1,462,732","345,942","1,518,524","13,621,599","296,036","832,391","148,672","1,393,921","75,544","3,228,556","57,347","53,870","270,872","18,072","40,218",1805775.0,"104,685","26,990","68,000","2,814,606","60,554","39,006","308,510","34,608","54,160","40,319","90,769",0.0,"67,975,788",0.0,1.97,"196,661",0.0,0.0,0.0,0.0,0.0,0.0
135,135,1970,"2,387,384","673,863","141,900","1,444,877","813,481","1,638,176","594,059","207,571","12,112,025","363,936","331,482","830,089","513,558","547,022","6,375,904","182,798","343,639","125,000",0,"681,521",0,"483,290","4,731,454","1,200,000","4,210,029","1,532,328","367,120","1,609,499","14,101,684","350,150","834,347","177,220","1,459,261","80,542","3,555,065","62,518","64,691","310,319","20,998","50,601",2016109.0,"107,883","37,961","70,000","3,026,259","91,215","36,144","361,349","39,782","68,044","36,932","92,962",0.0,"71,494,044",0.0,1.93,"210,152",0.0,0.0,0.0,0.0,0.0,0.0
136,136,1971,"2,443,653","660,656","170,398","1,356,486","830,202","1,617,437","559,272","216,365","12,542,283","144,356","360,147","911,572","516,968","546,826","6,605,681","197,164","360,929","130,000",0,"692,091",0,"547,457","4,951,499","1,250,000","4,592,415","1,601,024","388,479","1,729,072","14,540,115","302,696","1,050,919","225,569","1,302,379","98,081","3,487,486","64,348","60,899","315,276","29,197","89,810",2208375.0,"110,816","34,488","72,951","3,122,711","115,527","37,442","388,359","43,650","77,538","33,331","95,144",0.0,"73,829,538",0.0,1.94,"224,642",0.0,0.0,0.0,0.0,0.0,0.0
137,137,1972,"2,372,351","729,203","281,069","1,382,083","887,640","1,665,742","599,896","239,753","12,712,155","377,623","388,432","970,417","518,467","522,437","6,705,339","209,820","383,948","135,000",0,"661,556",0,"554,418","5,252,981","1,300,000","4,681,014","1,640,878","397,821","1,822,872","15,093,762","296,436","965,631","236,457","1,540,923","100,909","3,619,165","66,250","62,536","348,105","33,251","63,244",2366645.0,"227,176","32,985","74,823","3,507,340","92,803","35,794","396,713","40,414","89,235","34,413","97,367",0.0,"76,815,293",0.0,1.91,"237,728",0.0,0.0,0.0,0.0,0.0,0.0
138,138,1973,"2,638,788","956,150","335,274","1,649,035","895,892","1,779,891","633,623","246,817","12,893,837","382,607","431,656","1,092,965","510,959","540,270","7,072,301","216,419","426,669","140,000",0,"713,993",0,"624,188","5,681,450","1,350,000","4,775,476","1,719,782","420,141","1,915,302","15,748,813","313,612","1,129,205","201,400","1,771,604","99,531","3,692,686","73,587","68,245","420,621","37,570","140,442",2583072.0,"232,648","37,566","76,729","3,842,778","127,631","48,671","374,183","44,751","125,289","45,684","99,699",0.0,"81,379,503",0.0,1.87,"243,798",0.0,0.0,0.0,0.0,0.0,0.0
139,139,1974,"2,635,941","909,570","343,814","1,731,554","914,557","1,664,257","627,497","261,857","12,912,933","319,082","451,815","1,134,110","528,628","539,368","7,245,325","224,727","462,981","145,000",0,"779,582",0,"719,622","5,693,219","1,400,000","4,644,839","1,874,274","424,231","1,964,937","16,700,881","468,335","1,205,756","206,295","2,022,665","111,424","4,044,502","64,743","63,956","503,397","40,082","124,036",2770935.0,"238,178","45,399","78,687","3,629,759","159,978","60,816","497,888","45,044","89,484","47,168","102,125",0.0,"83,875,254",0.0,1.87,"255,942",0.0,0.0,0.0,0.0,0.0,0.0
140,140,1975,"2,695,041","786,928","320,595","1,864,256","865,454","1,637,795","660,735","253,943","12,898,736","194,351","455,275","1,193,438","548,697","509,595","7,388,027","233,404","467,134","150,000",0,"848,489",0,"803,572","6,356,100","1,438,879","4,761,671","1,921,633","444,798","2,019,200","17,156,284","418,308","1,244,517","88,631","2,007,548","112,764","4,237,749","42,034","72,201","563,551","34,280","175,683",2760175.0,"243,769","49,388","80,841","3,902,166","174,547","56,543","519,805","45,252","104,504","64,886","104,330",0.0,"85,977,498",0.0,1.87,"265,373",0.0,0.0,0.0,0.0,0.0,0.0
141,141,1976,"2,934,481","878,345","342,652","1,920,710","882,814","1,730,878","669,718","257,083","13,069,549","296,070","441,293","1,277,403","540,043","499,239","7,520,989","231,435","502,258","155,000",0,"902,198",0,"829,500","6,615,394","1,440,000","4,587,404","1,901,979","425,598","2,008,395","17,574,576","274,262","1,386,010","113,459","1,991,781","69,909","5,105,243","61,037","67,774","567,544","31,020","190,997",2899181.0,"249,899","56,094","82,699","3,712,246","190,049","64,935","627,334","46,241","114,117","78,092","106,563",0.0,"88,521,490",0.0,1.86,"261,253",0.0,0.0,0.0,0.0,0.0,0.0
142,142,1977,"2,792,872","867,193","425,633","1,909,597","889,259","1,642,311","657,735","263,935","12,836,438","218,903","436,081","1,286,050","492,231","477,945","7,417,961","239,610","530,532","160,000",0,"955,944",0,"833,365","6,888,946","1,440,000","4,678,598","1,928,876","436,376","2,048,870","18,130,376","256,463","1,597,055","167,096","2,193,938","83,366","5,356,743","63,020","78,780","561,087","34,296","218,032",3104643.0,"256,173","67,871","84,783","4,291,222","242,444","68,942","677,180","43,448","162,159","103,496","109,032",0.0,"90,706,906",0.0,1.85,"265,953",0.0,0.0,0.0,0.0,0.0,0.0
143,143,1978,"2,753,942","933,217","419,927","2,150,123","881,717","1,583,875","664,668","263,143","12,532,634","273,557","448,523","1,309,171","449,567","476,945","7,554,249","245,854","553,828","165,000",0,"1,021,489",0,"911,981","7,122,669","1,440,000","4,225,481","1,924,339","452,139","2,019,049","19,012,859","208,263","2,040,098","161,322","2,290,939","77,205","5,607,342","60,921","69,536","593,825","39,995","234,791",2863715.0,"263,037","71,659","86,931","4,423,100","446,468","81,929","1,966,106","41,488","214,190","112,578","111,536",0.0,"93,856,920",0.0,1.82,"268,774",0.0,0.0,0.0,0.0,0.0,0.0
144,144,1979,"2,779,645","1,058,224","408,888","2,241,369","860,246","1,591,013","684,971","269,814","12,503,474","324,940","461,618","1,322,025","444,596","479,639","7,694,207","249,341","568,319","170,000",0,"1,023,296",0,"1,060,641","7,025,495","1,440,000","4,425,567","1,888,520","419,566","2,107,235","19,957,274","214,883","2,233,011","176,330","2,577,818","65,242","5,434,512","58,614","69,198","698,393","39,596","205,220",3064547.0,"405,758","81,103","178,739","4,692,145","643,700","99,311","785,224","38,907","250,270","159,011","114,194",0.0,"95,745,648",0.0,1.84,"267,881",0.0,0.0,0.0,0.0,0.0,0.0
145,145,1980,"2,718,899","1,047,491","474,540","2,246,349","866,635","1,659,797","692,278","275,939","12,673,523","281,393","461,806","1,354,172","436,547","488,098","7,392,935","263,097","563,194","180,000",0,"1,023,110",0,"1,076,409","6,813,935","1,457,920","4,536,088","1,932,188","430,363","2,117,483","20,418,670","238,485","2,283,411","210,363","2,706,767","85,641","6,458,735","60,625","78,502","900,499","36,713","222,017",2243992.0,"695,630","98,150","91,672",4532000,"582,226","113,826","553,823","41,869","243,196","126,581","116,915",0.0,"96,604,494",0.0,1.85,"251,493",0.0,0.0,0.0,0.0,0.0,0.0
146,146,1981,"2,716,496","1,135,105","405,651","2,330,621","874,332","1,575,631","712,505","276,742","12,812,315","321,312","447,302","1,415,366","414,966","498,929","7,068,011","249,834","569,675","190,000",0,"1,059,845",0,"1,106,803","7,012,328","1,508,191","4,492,619","1,915,412","420,854","2,123,970","20,863,004","206,683","2,380,558","225,646","2,890,173","79,104","6,807,621","62,665","108,116","1,080,700","37,943","346,340",2236768.0,"860,913","128,779","187,093",4552000,"599,863","111,609","543,621","43,701","246,174","104,673","119,494",0.0,"98,478,056",0.0,1.85,"234,139",0.0,0.0,0.0,0.0,0.0,0.0
147,147,1982,"2,709,406","1,302,929","416,460","2,410,526","894,732","1,682,139","731,915","272,229","12,926,815","321,042","446,258","1,303,306","430,289","514,621","6,860,768","263,615","587,163","200,000",0,"1,065,199",0,"1,108,881","7,244,163","1,590,476","4,643,689","1,936,016","422,240","2,109,399","20,974,516","222,858","2,481,334","210,350","2,840,367","68,618","6,729,761","64,857","74,660","1,220,506","37,242","337,800",2055397.0,"1,175,113","104,655","191,656",4813000,"627,980","122,687","737,512","46,955","282,505","121,711","122,067",0.0,"100,058,384",0.0,1.83,"245,973",0.0,0.0,0.0,0.0,0.0,0.0
148,148,1983,"2,715,944","1,324,209","382,687","2,485,132","924,743","1,626,280","761,727","279,923","12,948,650","317,542","419,828","1,399,528","413,981","505,993","6,948,605","256,734","604,761","210,000",0,"1,054,065",0,"1,111,999","7,373,420","1,583,963","4,639,270","1,859,028","424,766","2,133,238","21,099,756","312,160","2,584,721","195,964","2,496,054","49,746","7,224,497","47,274","69,165","1,285,115","44,653","367,674",2087914.0,"1,527,085","137,279","195,989",5028000,"710,242","99,415","977,258","46,966","299,882","146,717","124,844",0.0,"101,864,387",0.0,1.81,"235,779",0.0,0.0,0.0,0.0,0.0,0.0
149,149,1984,"2,580,011","1,203,743","410,336","2,508,628","943,667","1,604,217","737,415","292,556","12,552,958","342,989","423,787","1,335,885","411,228","495,282","6,915,630","266,680","628,770","220,000",0,"1,036,733",0,"1,092,329","7,368,672","1,614,083","4,433,893","1,821,438","423,752","2,133,249","21,451,730","394,872","2,597,606","198,875","2,539,464","48,119","7,199,445","51,562","74,220","1,410,596","45,239","297,546",2075060.0,"2,198,813","125,282","200,712",4592000,"757,339","103,902","955,484","46,774","307,111","165,887","127,652",0.0,"101,763,220",0.0,1.81,"243,806",0.0,0.0,0.0,0.0,0.0,0.0
150,150,1985,"2,520,210","1,396,902","418,479","2,604,432","921,577","1,541,249","689,886","305,498","12,564,275","366,664","425,448","1,358,967","432,793","502,412","6,866,486","272,990","626,290","230,000",0,"1,097,682",0,"1,104,714","7,414,160","1,548,360","4,371,413","1,792,084","421,990","2,093,487","20,891,853","395,806","2,702,967","218,421","2,734,086","59,213","7,214,758","50,771","76,695","1,427,121","47,732","222,867",2254802.0,"3,065,069","138,526","205,603",4860000,"786,344","108,640","1,207,766","46,724","335,305","104,111","130,535",0.0,"103,174,164",0.0,1.76,"242,691",0.0,0.0,0.0,0.0,0.0,0.0
151,151,1986,"2,544,654","1,468,042","508,092","2,653,066","994,854","1,528,185","715,912","326,311","12,627,523","384,707","418,380","1,390,997","463,580","506,671","6,876,076","293,151","637,230","240,000",0,"1,186,029",0,"1,205,691","5,532,577","1,188,956","4,462,104","1,832,014","445,075","2,088,443","21,253,301","539,516","3,393,022","228,947","2,991,717","68,143","7,879,981","49,733","102,504","1,579,323","38,980","214,751",2301980.0,"3,964,075","130,275","210,118",5062000,"796,277","102,973","928,274","45,644","353,685","91,963","133,371",0.0,"104,978,868",0.0,1.74,"262,080",0.0,0.0,0.0,0.0,0.0,0.0
152,152,1987,"2,463,960","1,478,065","573,831","2,869,132","958,405","1,544,314","672,802","343,302","12,404,852","397,774","416,990","1,371,310","479,495","509,124","5,633,825","299,766","660,214","258,884",0,"1,195,952",0,"144,593","5,713,730","1,291,463","4,430,161","1,790,996","451,882","2,100,081","21,445,245","580,948","3,376,714","290,284","3,170,516","70,180","8,923,970","48,536","120,885","1,797,415","30,643","235,534",2337856.0,"5,239,374","156,776","107,601",5458000,"874,794","101,355","1,245,646","46,319","386,357","102,577","136,290",0.0,"106,738,717",0.0,1.74,"262,379",0.0,0.0,0.0,0.0,0.0,0.0
153,153,1988,"2,505,197","1,477,784","690,970","2,960,203","978,483","1,514,854","684,613","375,284","12,344,714","433,780","429,118","1,366,414","521,981","509,515","5,820,104","308,274","672,052","249,045",0,"1,192,176",0,"1,285,132","6,290,731","1,416,497","4,491,078","1,852,857","429,920","2,154,273","21,471,631","516,003","3,644,452","312,174","3,389,911","71,225","9,184,765","50,202","121,657","2,022,431","43,457","242,291",2698651.0,"6,388,985","155,811","110,254",5860000,"1,025,360","111,224","841,608","48,501","398,673","137,982","139,302",0.0,"111,941,596",0.0,1.68,"265,665",0.0,0.0,0.0,0.0,0.0,0.0
154,154,1989,"2,630,576","1,371,970","735,431","3,074,096","998,635","1,471,486","703,712","404,844","12,457,444","429,574","453,119","1,410,449","550,254","519,798","5,867,579","309,379","701,858","229,493",0,"1,198,867",0,"1,285,918","6,372,022","1,485,883","4,516,704","1,925,546","439,869","2,157,489","21,373,716","597,871","6,063,214","330,709","3,948,914","73,334","8,225,166","48,877","106,194","2,121,683","45,742","264,842",2508725.0,"6,164,421","162,684","225,939",6321000,"1,208,655","123,879","814,418","49,857","432,772","175,143","154,332",0.0,"115,244,083",0.0,1.63,"261,129",0.0,0.0,0.0,0.0,0.0,0.0
155,155,1990,"2,693,378","1,579,919","718,858","3,120,030","1,040,603","1,550,506","706,233","427,360","12,620,854","451,275","475,228","1,414,345","571,284","515,538","5,818,094","316,171","661,435","313,402",0,"1,209,223",0,"1,119,747","7,262,402","1,539,036","4,866,379","1,929,616","422,159","2,142,655","22,094,536","693,275","6,363,166","341,651","3,998,709","65,875","8,629,179","56,864","96,179","2,192,899","46,989","384,595",3280948.0,"6,641,703","165,199","231,454",6586000,"1,431,110","146,836","854,252","51,585","455,703","282,492","175,821",0.0,"120,752,749",0.0,1.62,"264,856",0.0,0.0,0.0,0.0,0.0,0.0
156,156,1991,"2,641,813","1,565,909","718,861","3,105,248","1,053,175","1,438,170","689,000","433,595","12,076,201","455,562","486,658","1,401,381","586,340","522,932","5,831,581","318,854","491,269","257,401",0,"1,151,137",0,"1,051,863","7,159,069","1,464,935","5,098,252","1,898,939","415,249","2,106,008","21,528,013","913,489","7,096,342","337,975","4,171,932","78,796","9,416,383","55,539","129,984","2,254,357","44,752","428,420",3294106.0,"8,003,824","166,000","236,271",6974000,"1,745,626","143,407","788,646","61,519","450,079","306,468","204,180",0.0,"123,249,508",0.0,1.58,"269,910",0.0,0.0,0.0,0.0,0.0,0.0
157,157,1992,"2,691,605","1,627,856","701,548","3,089,097","1,093,106","1,455,321","694,979","442,420","12,356,408","459,724","519,924","1,400,196","602,505","513,624","5,687,912","315,478","543,472","281,403","3,596","1,073,371",0,"1,086,038","3,012,049","1,244,256","10,601,320","1,809,631","396,301","2,075,222","21,795,326","1,132,242","6,457,680","368,975","4,518,230","91,056","9,002,049","64,261","147,897","2,482,210","39,992","508,117",3269693.0,"9,603,661","166,000","241,376",7081000,"1,719,065","180,935","808,335","68,239","441,571","349,071","233,750",0.0,"126,549,092",0.0,1.63,"262,899",0.0,0.0,0.0,0.0,0.0,0.0
158,158,1993,"2,579,984","1,585,190","701,873","2,890,668","1,055,827","1,422,658","693,048","428,283","11,315,715","484,049","504,769","1,366,794","620,273","517,107","5,454,446","308,035","530,555","265,714","5,293","944,122",0,"1,087,808","2,846,763","1,037,269","9,669,656","1,750,371","392,850","2,009,338","21,570,259","1,195,675","6,545,550","416,710","4,938,541","91,543","9,784,852","80,604","101,426","2,468,169","66,143","591,690",3356888.0,"11,822,833","166,000","123,381",6758000,"1,670,812","185,892","773,755","68,164","463,297","457,161","271,158",0.0,"126,436,961",0.0,1.63,"255,845",0.0,0.0,0.0,0.0,0.0,0.0
159,159,1994,"2,604,052","1,658,795","737,805","2,911,153","1,014,009","1,385,066","703,082","416,702","11,551,688","487,247","541,403","1,391,866","658,141","491,522","5,307,283","319,944","493,810","333,315","9,483","962,241",0,"1,048,958","2,501,923","1,026,954","10,202,725","1,740,462","397,829","2,012,107","21,652,276","1,308,871","6,729,331","405,233","4,966,498","93,523","9,769,401","87,184","123,046","2,623,997","77,080","670,322",3303776.0,"13,340,856","166,000","252,462",7074000,"1,877,706","196,450","756,457","73,522","455,337","550,792","303,368",0.0,"129,767,054",0.0,1.63,"265,015",0.0,0.0,0.0,0.0,0.0,0.0
160,160,1995,"2,597,079","1,611,852","721,075","2,936,108","1,015,166","1,362,412","698,608","411,495","11,449,946","464,384","557,227","1,414,468","633,520","478,143","5,447,426","318,765","488,072","338,213","24,517","854,761",0,"982,453","3,995,051","777,181","10,423,835","1,739,384","389,957","2,081,339","21,600,373","1,254,235","8,206,170","544,089","5,156,304","95,453","10,033,582","105,397","142,177","2,600,096","73,974","752,545",3559674.0,"15,077,038","166,000","258,491",6938000,"1,914,815","207,477","845,452","77,127","415,622","676,548","336,451",0.0,"135,249,524",0.0,1.62,"266,395",0.0,0.0,0.0,0.0,0.0,0.0
161,161,1996,"2,634,390","1,530,930","717,374","2,912,671","1,002,382","1,336,514","688,131","408,430","11,150,190","453,562","588,568","1,422,513","581,427","463,549","5,549,917","325,174","484,009","333,046","15,048","805,848",0,"900,308","3,946,634","692,867","10,931,674","1,733,950","385,633","2,303,593","21,854,638","1,324,097","8,459,243","559,369","5,507,868","88,141","10,157,085","109,011","114,691","2,635,800","73,294","790,840",3511009.0,"18,912,408","166,000","396,872",6986000,"1,857,603","213,308","859,404","79,054","388,171","788,335","349,367",0.0,"140,479,939",0.0,1.67,"280,406",0.0,0.0,0.0,0.0,0.0,0.0
162,162,1997,"2,477,528","1,623,972","726,529","2,947,079","990,664","1,320,859","667,825","417,869","11,102,952","454,467","625,595","1,459,865","606,075","448,570","5,550,532","327,727","343,928","358,465","12,471","781,772",0,"854,176","4,099,497","709,497","11,945,789","1,759,879","283,177","2,282,959","21,950,626","1,456,981","8,562,191","467,115","5,038,728","91,024","10,016,373","108,718","81,524","2,766,478","86,356","916,935",3549377.0,"18,416,783","166,000","406,420",6761000,"1,819,484","240,104","882,765","87,154","368,016","953,110","404,150",0.0,"140,777,132",0.0,1.66,"288,783",0.0,0.0,0.0,0.0,0.0,0.0
163,163,1998,"2,591,329","1,716,053","719,594","2,957,389","1,009,655","1,292,886","619,092","408,049","10,780,153","490,549","635,434","1,436,950","564,322","465,625","5,684,364","316,215","294,201","353,983","11,620","775,517",0,"1,113,372","4,251,837","772,084","12,066,950","1,760,213","283,417","2,287,933","22,244,612","1,397,716","8,608,798","455,923","5,210,607","91,143","10,150,450","108,247","155,525","2,787,280","89,944","850,440",3687879.0,"16,862,237","166,000","416,308",6783000,"1,517,416","259,231","895,295","89,155","423,394","1,052,443","425,035",0.0,"140,386,867",0.0,1.64,"312,172",0.0,0.0,0.0,0.0,0.0,0.0
164,164,1999,"2,619,147","1,730,867","743,892","3,063,099","1,014,712","1,320,968","602,984","406,328","11,653,007","502,989","647,699","1,454,634","585,115","450,554","5,590,009","327,213","292,744","368,327","14,104","768,866",0,"1,249,716","4,616,183","943,045","12,211,791","1,758,991","285,967","2,371,966","22,735,371","1,347,450","9,449,858","545,460","5,409,080","80,682","10,295,397","94,663","125,597","2,811,866","103,848","789,852",3847234.0,"20,643,924","166,000","426,445",6786000,"1,610,761","266,831","918,803","89,645","407,328","1,060,406","468,066",0.0,"148,075,488",0.0,1.68,"281,596",0.0,0.0,0.0,0.0,0.0,0.0
165,165,2000,"2,294,883","1,801,932","723,178","3,175,633","1,019,541","1,342,383","557,020","401,416","11,065,540","477,719","530,641","1,438,186","434,208","451,980","5,332,352","334,649","438,072","411,682","33,988","805,776","35,852","1,292,591","5,810,665","1,157,532","12,995,733","1,761,742","275,445","2,402,144","22,810,008","1,053,712","9,091,739","449,828","5,341,017","76,112","10,311,218","53,334","93,575","2,524,272","119,857","787,756",3728169.0,"19,554,001","166,000","460,000",6759000,"1,834,628","145,397","980,000","90,884","442,660","1,180,991","511,699",0.0,"147,368,337",0.0,1.69,"292,412",0.0,0.0,0.0,0.0,0.0,0.0
166,166,2001,"2,386,983","1,862,863","709,073","3,371,992","994,433","1,333,911","539,899","413,029","10,395,530","469,568","530,591","1,413,727","439,328","454,472","5,448,875","332,511","469,433","425,120","37,375","797,408","48,246","1,272,799","7,026,448","1,360,916","13,067,648","1,788,740","306,342","2,376,793","23,283,765","1,133,719","9,308,332","455,299","5,400,551","66,361","9,611,793","45,922","105,420","2,471,398","114,924","783,840",3946757.0,"19,922,903","166,000","485,000",6779000,"1,975,641","136,089","1,040,000","87,000","446,716","1,292,086","520,171",0.0,"149,652,740",0.0,1.68,"282,862",0.0,0.0,0.0,0.0,0.0,0.0
167,167,2002,"2,514,499","1,811,440","699,761","3,183,943","968,047","1,345,050","532,419","420,511","10,368,688","477,162","524,604","1,411,548","440,965","442,504","5,535,422","321,179","432,542","413,624","41,732","814,727","65,534","1,387,264","7,823,068","1,563,493","7,867,115","1,762,590","314,462","2,405,391","23,535,659","1,256,701","9,446,939","458,256","5,403,442","55,863","4,924,696","80,503","112,975","2,509,237","123,823","833,645",4108667.0,"21,197,423","166,000","510,000",6597000,"2,029,478","139,935","1,100,000","84,000","449,013","1,394,235","528,767",0.0,"142,935,539",0.0,1.71,"291,451",0.0,0.0,0.0,0.0,0.0,0.0
168,168,2003,"2,575,950","1,936,013","701,584","3,420,897","971,120","1,364,430","532,882","416,224","10,033,549","452,416","507,430","1,414,701","458,709","461,618","5,623,049","313,892","476,934","428,243","46,989","839,276","83,216","1,504,807","8,328,353","1,747,813","8,319,756","1,807,397","313,459","2,432,487","23,370,381","1,241,251","9,236,905","477,107","5,597,542","48,103","5,074,432","97,479","106,234","2,598,831","128,207","873,987",4208679.0,"24,000,000","166,000","535,000",6186000,"1,972,293","140,480","1,130,000","80,663","450,869","1,725,490","537,415",0.0,"147,496,541",0.0,1.74,"279,978",0.0,0.0,0.0,0.0,0.0,0.0
169,169,2004,"2,536,721","1,905,357","730,837","3,450,543","1,019,969","1,332,670","498,438","464,883","10,121,732","429,728","499,617","1,420,790","468,000","419,215","5,937,586","336,703","459,373","414,919","50,147","703,820","108,238","1,351,391","9,196,411","1,941,782","8,444,061","1,951,334","312,888","2,248,394","23,648,105","1,459,041","9,089,110","493,652","5,719,175","61,627","5,240,471","120,167","113,848","2,709,832","134,211","915,071",4561677.0,"27,599,897","166,440","567,532","6,815,997","1,819,734","135,672","1,172,776","73,279","452,684","1,804,713","546,020",0.0,"148,267,346",0.0,1.79,"239,269",0.0,0.0,0.0,0.0,0.0,0.0
170,170,2005,"2,622,255","1,918,669","744,573","3,825,328","927,526","1,370,471","496,403","472,845","10,107,569","428,911","497,990","1,424,204","466,900","403,063","5,796,267","334,711","467,676","408,333","57,487","705,230","126,525","1,486,533","9,812,964","2,353,409","8,709,348","1,998,507","315,865","2,246,992","23,520,073","1,547,854","9,556,880","551,618","5,959,316","75,849","5,668,912","148,830","116,631","2,805,158","143,530","887,584",5026425.0,"30,438,176","155,466","623,712","6,624,065","1,761,013","124,160","1,245,205","77,786","470,511","1,781,803","554,631",0.0,"154,281,896",0.0,1.81,"242,702",0.0,0.0,0.0,0.0,0.0,0.0
171,171,2006,"2,753,158","1,952,723","751,113","3,958,371","1,027,371","1,280,231","484,840","477,235","10,357,070","437,060","495,060","1,430,274","487,100","417,539","5,639,209","338,966","504,513","421,444","64,580","718,580","148,623","1,815,995","10,360,413","2,606,318","10,160,368","2,022,261","309,490","2,301,942","23,976,836","1,638,756","10,235,550","630,484","6,272,220","84,141","5,890,217","89,152","114,251","2,785,712","149,547","893,717",5481417.0,"34,592,857","151,687","771,743","6,552,317","1,800,461","124,359","1,323,188","79,661","487,957","2,000,117","563,051",0.0,"163,499,322",0.0,1.86,"253,869",0.0,0.0,0.0,0.0,0.0,0.0
172,172,2007,"2,654,762","2,008,841","740,085","3,914,655","985,318","1,199,970","472,303","489,320","10,159,086","443,604","490,754","1,437,176","486,000","426,867","5,431,855","348,708","539,752","433,379","69,097","730,180","171,581","2,085,483","11,716,989","2,985,661","9,190,309","2,057,741","312,205","2,307,528","24,242,941","1,748,276","10,927,580","663,442","6,631,418","91,440","6,203,919","85,549","116,891","2,912,138","159,006","946,842",5966107.0,"38,639,058","150,775","909,929","6,456,690","1,846,476","130,185","1,404,819","85,710","492,128","2,161,626","571,323",0.0,"172,388,229",0.0,1.92,"260,122",0.0,0.0,0.0,0.0,0.0,0.0
173,173,2008,"2,554,131","1,898,213","715,327","3,785,496","989,451","1,170,639","448,779","472,301","10,077,133","443,107","463,807","1,444,470","477,100","438,142","5,162,858","353,293","558,741","422,637","79,127","696,990","176,955","2,133,845","11,637,181","2,939,392","9,214,829","2,096,263","322,490","2,395,687","24,530,849","1,879,793","11,301,780","699,914","6,755,744","106,329","6,207,302","108,792","130,337","2,939,060","165,018","1,037,559",6505086.0,"40,677,158","192,900","1,000,766","6,364,272","1,918,065","135,185","1,442,448","89,760","487,480","2,009,201","579,629",0.0,"175,775,161",0.0,1.95,"270,455",0.0,0.0,0.0,0.0,0.0,0.0
174,174,2009,"2,568,268","1,809,409","690,597","3,832,213","962,099","1,157,670","413,116","466,532","9,929,361","417,097","433,183","1,338,127","484,400","436,621","4,964,182","359,609","507,921","398,525","74,118","634,590","146,288","1,922,837","11,007,746","2,951,731","9,204,905","2,085,701","306,181","2,405,436","24,222,071","1,825,182","11,761,934","678,355","6,941,725","112,752","6,110,471","110,454","114,449","2,801,302","170,952","1,043,789",7073044.0,"43,005,092","149,207","1,157,257","6,346,613","1,822,050","141,934","1,450,015","96,545","489,194","1,836,222","595,196",0.0,"177,017,259",0.0,2.01,"260,778",0.0,0.0,0.0,0.0,0.0,0.0
175,175,2010,"2,592,222","1,880,080","673,572","4,304,827","969,774","1,184,497","390,391","461,713","9,743,337","389,794","460,358","1,330,203","488,300","447,027","4,795,506","367,000","489,901","370,063","78,473","594,360","124,897","1,842,470","10,509,584","2,919,470","9,200,000","2,032,961","299,348","2,409,271","23,774,312","1,816,440","12,754,980","703,504","7,191,269","110,333","6,200,000","101,943","101,146","2,733,814","156,362","1,008,093",7721743.0,"45,409,662","152,455","1,305,664","6,323,826","1,857,770","145,694","1,679,756","103,447","483,584","1,895,087","573,669",0.0,"180,103,361",0.0,2.04,"251,636",0.0,0.0,0.0,0.0,0.0,0.0
176,176,2011,"2,486,088","1,917,915","621,899","3,923,722","971,911","1,162,335","387,558","459,838","9,776,576","385,793","441,816","1,333,647","472,500","451,559","4,685,027","373,000","507,919","377,729","86,415","634,380","139,806","1,856,298","10,340,389","2,902,020","9,300,000","1,984,039","299,794","2,398,382","23,616,854","1,833,369","13,285,100","740,244","7,481,420","113,963","6,300,000","121,857","97,690","3,635,707","154,809","1,024,432",8210327.0,"47,743,768","156,176","1,502,336","6,195,007","1,887,580","152,704","1,428,388","109,043","489,423","1,923,369","581,441",0.0,"183,674,552",0.0,2.08,"245,583",0.0,0.0,0.0,0.0,0.0,0.0
177,177,2012,"2,498,034","1,935,709","560,811","3,912,597","1,004,908","1,147,781","364,534","438,440","9,667,752","387,072","430,910","1,350,558","462,900","451,585","4,551,587","379,000","551,898","363,522","98,771","652,090","151,430","1,980,306","10,217,292","2,915,968","9,400,000","1,911,585","279,934","2,418,721","24,073,936","1,817,149","13,710,401","756,343","7,626,174","118,223","6,400,000","136,171","94,155","3,680,077","156,364","1,089,265",6425376.0,"48,993,587","160,066","1,624,163","6,198,660","1,727,510","158,411","1,480,601","114,092","505,721","2,031,301","588,309",0.0,"186,581,769",0.0,2.11,"242,812",0.0,0.0,0.0,0.0,0.0,0.0
178,178,2013,"2,152,235","1,946,879","555,067","3,883,538","972,481","1,389,990","362,050","442,022","9,565,271","385,710","400,093","1,304,087","464,000","448,728","4,535,755","385,000","541,151","368,023","102,903","643,570","139,706","1,787,219","9,650,146","2,689,437","9,500,000","1,944,889","288,811","2,378,436","24,070,388","1,772,300","13,384,893","803,450","7,480,034","116,602","6,500,000","135,000","95,784","3,712,749","157,859","958,822",6668501.0,"50,582,152","167,980","1,807,987","6,141,283","1,691,160","164,229","1,523,742","114,833","496,430","1,974,637","595,685",0.0,"186,993,172",0.0,2.16,"248,089",0.0,0.0,0.0,0.0,0.0,0.0
179,179,2014,"2,670,782","1,981,668","529,365","3,747,295","1,013,996","1,495,845","387,536","433,021","9,522,005","381,582","428,019","1,288,787","463,800","453,860","4,558,745","391,000","516,185","325,736","114,286","654,590","146,324","1,657,598","8,744,354","2,349,672","9,600,000","1,942,930","292,203","2,380,611","24,002,741","1,736,163","13,890,130","831,960","7,756,960","115,556","6,600,000","130,000","87,649","3,769,590","180,226","922,893",6500000.0,"50,080,922","167,628","1,982,997","6,072,141","1,761,820","166,062","1,571,949","117,247","512,139","1,927,577","600,000",0.0,"187,009,824",0.0,2.14,"254,906",0.0,0.0,0.0,0.0,0.0,0.0
180,180,2015,"2,543,245","1,845,124","527,283","3,850,756","920,305","1,468,790","365,004","423,926","9,455,033","373,814","430,140","1,324,955","470,400","457,323","4,545,213","391,000","535,038","339,370","92,030","673,920","145,000","1,728,449","7,723,594","1,877,776","9,600,000","1,948,893","291,789","2,412,615","24,201,359","1,725,323","13,282,559","840,000","7,118,018","104,722","6,600,000","123,018","77,254","3,157,723","202,090","908,481",6500000.0,"47,727,098","168,833","2,155,955","6,025,540","1,841,880","166,341","1,616,399","119,520","518,076","1,886,332","600,000",0.0,"184,766,378",0.0,2.13,"257,477",0.0,0.0,0.0,0.0,0.0,0.0
181,181,2016,"2,599,264","1,871,902","541,713","3,979,979","921,031","1,437,742","380,232","421,407","9,548,970","369,770","429,948","1,343,098","479,700","457,867","4,503,854","391,000","549,339","354,177","109,330","678,780","145,000","1,770,735","7,524,191","1,765,713","9,600,000","1,982,543","297,842","2,405,302","24,086,726","1,635,720","12,602,651","844,241","7,390,603","98,671","6,600,000","131,529","73,019","3,193,147","197,130","901,022",6500000.0,"45,627,100","170,799","2,296,455","5,884,698","1,779,570","173,724","1,877,045","122,564","521,149","2,050,088","600,000",0.0,"183,501,444",0.0,0.0,"268,759",0.0,0.0,0.0,0.0,0.0,0.0
182,182,2017,"2,666,518","1,905,208","573,064","4,126,125","923,890","1,399,051","376,201","418,038","9,395,439","369,552","428,595","1,364,212","468,500","459,690","4,536,360","391,000","559,531","362,136","112,475","707,442","145,000","1,787,642","7,366,173","1,764,955","9,600,000","2,008,062","299,241","2,390,697","23,915,983","1,912,490","12,385,039","905,261","7,877,548","92,682","6,600,000","140,369","69,728","3,224,598","206,250","910,207",6500000.0,"45,535,667","175,447","2,301,840","5,753,169","1,895,650","185,434","2,159,466","121,981","522,287","2,079,524","600,000",0.0,"184,964,595",0.0,0.0,"267,262",0.0,0.0,0.0,0.0,0.0,0.0
183,183,2018,"2,764,000","1,936,356","586,926","4,183,689","926,827","1,372,266","377,015","413,256","9,698,206","382,494","428,031","1,404,483","487,014","465,712","4,631,586","391,000","563,267","367,584","117,733","713,305","145,000","1,804,993","7,625,206","1,802,315","9,600,000","2,004,283","302,834","2,391,714","23,584,134","1,963,368","12,248,458","965,741","8,578,432","91,070","6,600,000","149,236","67,988","3,273,798","224,910","996,234",6500000.0,"45,498,557","183,098","2,425,908","5,625,977","1,962,160","197,944","2,381,189","123,835","525,436","2,101,297","600,000",0.0,"188,200,165",0.0,0.0,"277,033",0.0,0.0,0.0,0.0,0.0,0.0
