Country,France,Italy,Portugal,Spain,Austria,Bel-Lux,Denmark,Finland,Germany,Greece,Ireland,Netherlands,Sweden,Switzerland,United Kingdom,Other WEM,Bulgaria,Croatia,Georgia,Hungary,Moldova,Romania,Russia,Ukraine,Other ECA,Australia,New Zealand,Canada,United States,Argentina,Brazil,Chile,Mexico,Uruguay,Other LAC,Algeria,Morocco,South Africa,Tunisia,Turkey,Other AME,China,Hong Kong,India,Japan,Korea,Malaysia,Philippines,Singapore,Taiwan,Thailand,Other Asia Pacific,Other,World,0,Coeff. of variation,Norway,0,0,0,0,0,0,0,0,0
1835,0,0,0,0,0,0,0,0,0,0,0,0,0,0,"134,001",0,0,0,0,0,0,0,0,0,0,0,0,0,0,0,0,0,0,0,0,0,0,0,0,0,0,0,0,0,0,0,0,0,0,0,0,0,0,0,0,0,0,0,0,0,0,0,0,0,0,0
1836,0,0,0,0,0,0,0,0,0,0,0,0,0,0,"142,574",0,0,0,0,0,0,0,0,0,0,0,0,0,0,0,0,0,0,0,0,0,0,0,0,0,0,0,0,0,0,0,0,0,0,0,0,0,0,0,0,0,0,0,0,0,0,0,0,0,0,0
1837,0,0,0,0,0,0,0,0,0,0,0,0,0,0,"131,464",0,0,0,0,0,0,0,0,0,0,0,0,0,0,0,0,0,0,0,0,0,0,0,0,0,0,0,0,0,0,0,0,0,0,0,0,0,0,0,0,0,0,0,0,0,0,0,0,0,0,0
1838,0,0,0,0,0,0,0,0,0,0,0,0,0,0,"140,270",0,0,0,0,0,0,0,0,0,0,0,0,0,0,0,0,0,0,0,0,0,0,0,0,0,0,0,0,0,0,0,0,0,0,0,0,0,0,0,0,0,0,0,0,0,0,0,0,0,0,0
1839,0,0,0,0,0,0,0,0,0,0,0,0,0,0,"132,819",0,0,0,0,0,0,0,0,0,0,0,0,0,0,0,0,0,0,0,0,0,0,0,0,0,0,0,0,0,0,0,0,0,0,0,0,0,0,0,0,0,0,0,0,0,0,0,0,0,0,0
1840,0,0,0,0,0,0,0,0,0,0,0,0,0,0,"115,939",0,0,0,0,0,0,0,0,0,0,0,0,0,0,0,0,0,0,0,0,0,0,0,0,0,0,0,0,0,0,0,0,0,0,0,0,0,0,0,0,0,0,0,0,0,0,0,0,0,0,0
1841,0,0,0,0,0,0,0,0,0,0,0,0,0,0,"109,588",0,0,0,0,0,0,0,0,0,0,0,0,0,0,0,0,0,0,0,0,0,0,0,0,0,0,0,0,0,0,0,0,0,0,0,0,0,0,0,0,0,0,0,0,0,0,0,0,0,0,0
1842,0,0,0,0,0,0,0,0,0,0,0,0,0,0,"100,209",0,0,0,0,0,0,0,0,0,0,0,0,0,0,0,0,0,0,0,0,0,0,0,0,0,0,0,0,0,0,0,0,0,0,0,0,0,0,0,0,0,0,0,0,0,0,0,0,0,0,0
1843,0,0,0,0,0,0,0,0,0,0,0,0,0,0,"100,132",0,0,0,0,0,0,0,0,0,0,"1,612",0,0,0,0,0,0,0,0,0,0,0,0,0,0,0,0,0,0,0,0,0,0,0,0,0,0,0,0,0,1.37,0,0,0,0,0,0,0,0,0,0
1844,0,0,0,0,0,0,0,0,0,0,0,0,0,0,"108,433",0,0,0,0,0,0,0,0,0,0,"1,054",0,0,0,0,0,0,0,0,0,0,0,0,0,0,0,0,0,0,0,0,0,0,0,0,0,0,0,0,0,1.39,0,0,0,0,0,0,0,0,0,0
1845,0,0,0,0,0,0,0,0,0,0,0,0,0,0,"121,258",0,0,0,0,0,0,0,0,0,0,"1,458",0,0,0,0,0,0,0,0,0,0,0,0,0,0,0,0,0,0,0,0,0,0,0,0,0,0,0,0,0,1.38,0,0,0,0,0,0,0,0,0,0
1846,0,0,0,0,0,0,0,0,0,0,0,0,0,0,"128,891",0,0,0,0,0,0,0,0,0,0,"2,516",0,0,0,0,0,0,0,0,0,0,0,0,0,0,0,0,0,0,0,0,0,0,0,0,0,0,0,0,0,1.36,0,0,0,0,0,0,0,0,0,0
1847,0,0,0,0,0,0,0,0,0,0,0,0,0,0,"111,575",0,0,0,0,0,0,0,0,0,0,"4,050",0,0,0,0,0,0,0,0,0,0,0,0,0,0,0,0,0,0,0,0,0,0,0,0,0,0,0,0,0,1.32,0,0,0,0,0,0,0,0,0,0
1848,0,0,0,0,0,0,0,0,0,0,0,0,0,0,"121,972",0,0,0,0,0,0,0,0,0,0,"3,279",0,0,0,0,0,0,0,0,0,0,0,0,0,0,0,0,0,0,0,0,0,0,0,0,0,0,0,0,0,1.34,0,0,0,0,0,0,0,0,0,0
1849,0,0,0,0,0,0,0,0,0,0,0,0,0,0,"128,327",0,0,0,0,0,0,0,0,0,0,"4,190",0,0,0,0,0,0,0,0,0,0,0,0,0,0,0,0,0,0,0,0,0,0,0,0,0,0,0,0,0,1.32,0,0,0,0,0,0,0,0,0,0
1850,0,0,0,0,0,0,0,0,0,0,0,0,0,0,"130,318",0,0,0,0,0,0,0,0,0,0,"4,403",0,0,0,0,0,0,0,0,0,0,0,0,0,0,0,0,0,0,0,0,0,0,0,0,0,0,0,0,0,1.32,0,0,0,0,0,0,0,0,0,0
1851,0,0,0,0,0,0,0,0,0,0,0,0,0,0,"130,723",0,0,0,0,0,0,0,0,0,0,"5,451",0,0,0,0,0,0,0,0,0,0,0,0,0,0,0,0,0,0,0,0,0,0,0,0,0,0,0,0,0,1.3,0,0,0,0,0,0,0,0,0,0
1852,0,0,0,0,0,0,0,0,0,0,0,0,0,0,"136,669",0,0,0,0,0,0,0,0,0,0,"6,805",0,0,0,0,0,0,0,0,0,0,0,0,0,0,0,0,0,0,0,0,0,0,0,0,0,0,0,0,0,1.28,0,0,0,0,0,0,0,0,0,0
1853,0,0,0,0,0,0,0,0,0,0,0,0,0,0,"137,128",0,0,0,0,0,0,0,0,0,0,"14,444",0,0,0,0,0,0,0,0,0,0,0,0,0,0,0,0,0,0,0,0,0,0,0,0,0,0,0,0,0,1.14,0,0,0,0,0,0,0,0,0,0
1854,0,0,0,0,0,0,0,0,0,0,0,0,0,0,"140,983",0,0,0,0,0,0,0,0,0,0,"13,507",0,0,0,0,0,0,0,0,0,0,0,0,0,0,0,0,0,0,0,0,0,0,0,0,0,0,0,0,0,1.17,0,0,0,0,0,0,0,0,0,0
1855,0,0,0,0,0,0,0,0,0,0,0,0,0,0,"121,590",0,0,0,0,0,0,0,0,0,0,"12,919",0,0,0,0,0,0,0,0,0,0,0,0,0,0,0,0,0,0,0,0,0,0,0,0,0,0,0,0,0,1.14,0,0,0,0,0,0,0,0,0,0
1856,0,0,0,0,0,0,0,0,0,0,0,0,0,0,"128,673",0,0,0,0,0,0,0,0,0,0,"12,171",0,0,0,0,0,0,0,0,0,0,0,0,0,0,0,0,0,0,0,0,0,0,0,0,0,0,0,0,0,1.17,0,0,0,0,0,0,0,0,0,0
1857,0,0,0,0,0,0,0,0,0,0,0,0,0,0,"131,300",0,0,0,0,0,0,0,0,0,0,"11,162",0,0,0,0,0,0,0,0,0,0,0,0,0,0,0,0,0,0,0,0,0,0,0,0,0,0,0,0,0,1.19,0,0,0,0,0,0,0,0,0,0
1858,0,0,0,0,0,0,0,0,0,0,0,0,0,0,"126,359",0,0,0,0,0,0,0,0,0,0,"8,977",739,0,0,0,0,0,0,0,0,0,0,0,0,0,0,0,0,0,0,0,0,0,0,0,0,0,0,0,0,1.55,0,0,0,0,0,0,0,0,0,0
1859,0,0,0,0,0,0,0,0,0,0,0,0,0,0,"130,982",0,0,0,0,0,0,0,0,0,0,"8,534",0,0,0,0,0,0,0,0,0,0,0,0,0,0,0,0,0,0,0,0,0,0,0,0,0,0,0,0,0,1.24,0,0,0,0,0,0,0,0,0,0
1860,0,0,0,0,0,0,0,0,0,0,0,0,0,0,"122,408",0,0,0,0,0,0,0,0,0,0,"7,005",0,0,0,0,0,0,0,0,0,0,0,0,0,0,0,0,0,0,0,0,0,0,0,0,0,0,0,0,0,1.26,0,0,0,0,0,0,0,0,0,0
1861,0,0,0,0,0,0,0,0,0,0,0,0,0,0,"113,161",0,0,0,0,0,0,0,0,0,0,"7,685",769,0,0,0,0,0,0,0,0,0,0,0,0,0,0,0,0,0,0,0,0,0,0,0,0,0,0,0,0,1.55,0,0,0,0,0,0,0,0,0,0
1862,0,0,0,0,0,0,0,0,0,0,0,0,0,0,"110,570",0,0,0,0,0,0,0,0,0,0,"9,545",0,0,0,0,0,0,0,0,0,0,0,0,0,0,0,0,0,0,0,0,0,0,0,0,0,0,0,0,0,1.19,0,0,0,0,0,0,0,0,0,0
1863,0,0,0,0,0,0,0,0,0,0,0,0,0,0,"113,457",0,0,0,0,0,0,0,0,0,0,"11,979",0,0,0,0,0,0,0,0,0,0,0,0,0,0,0,0,0,0,0,0,0,0,0,0,0,0,0,0,0,1.14,0,0,0,0,0,0,0,0,0,0
1864,0,0,0,0,0,0,0,0,0,0,0,0,0,0,"121,808",0,0,0,0,0,0,0,0,0,0,"7,157","1,122",0,0,0,0,0,0,0,0,0,0,0,0,0,0,0,0,0,0,0,0,0,0,0,0,0,0,0,0,1.57,0,0,0,0,0,0,0,0,0,0
1865,0,0,0,0,0,0,0,0,0,0,0,0,0,0,"126,099",0,0,0,0,0,0,0,0,0,0,"6,713",0,0,0,0,0,0,0,0,0,0,0,0,0,0,0,0,0,0,0,0,0,0,0,0,0,0,0,0,0,1.27,0,0,0,0,0,0,0,0,0,0
1866,0,0,0,0,0,0,0,0,0,0,0,0,0,0,"137,806",0,0,0,0,0,0,0,0,0,0,"5,850",0,0,0,0,0,0,0,0,0,0,0,0,0,0,0,0,0,0,0,0,0,0,0,0,0,0,0,0,0,1.3,0,0,0,0,0,0,0,0,0,0
1867,0,0,0,0,0,0,0,0,0,0,0,0,0,0,"136,060",0,0,0,0,0,0,0,0,0,0,"8,016",964,0,0,0,0,0,0,0,0,0,0,0,0,0,0,0,0,0,0,0,0,0,0,0,0,0,0,0,0,1.57,0,0,0,0,0,0,0,0,0,0
1868,0,0,0,0,0,0,0,0,0,0,0,0,0,0,"135,196",0,0,0,0,0,0,0,0,0,0,"7,605",0,0,0,0,0,0,0,0,0,0,0,0,0,0,0,0,0,0,0,0,0,0,0,0,0,0,0,0,0,1.26,0,0,0,0,0,0,0,0,0,0
1869,0,0,0,0,0,0,0,0,0,0,0,0,0,0,"136,906",0,0,0,0,0,0,0,0,0,0,"5,743",0,0,0,0,0,0,0,0,0,0,0,0,0,0,0,0,0,0,0,0,0,0,0,0,0,0,0,0,0,1.3,0,0,0,0,0,0,0,0,0,0
1870,0,0,0,0,0,0,0,0,0,0,0,0,0,0,"142,738",0,0,0,0,0,0,0,0,0,0,"6,559",0,0,0,0,0,0,0,0,0,0,0,0,0,0,0,0,0,0,0,0,0,0,0,0,0,0,0,0,0,1.29,0,0,0,0,0,0,0,0,0,0
1871,0,0,0,0,0,0,0,0,0,0,0,0,0,0,"152,253",0,0,0,0,0,0,0,0,0,0,"5,675","1,175",0,0,0,0,0,0,0,0,0,0,0,0,0,0,0,0,0,0,0,0,0,0,0,0,0,0,0,0,1.62,0,0,0,0,0,0,0,0,0,0
1872,0,0,0,0,0,0,0,0,0,0,0,0,0,0,"165,241",0,0,0,0,0,0,0,0,0,0,"5,656",0,0,0,0,0,0,0,0,0,0,0,0,0,0,0,0,0,0,0,0,0,0,0,0,0,0,0,0,0,1.32,0,0,0,0,0,0,0,0,0,0
1873,0,0,0,0,0,0,0,0,0,0,0,0,0,0,"179,943",0,0,0,0,0,0,0,0,0,0,"5,974",0,0,0,0,0,0,0,0,0,0,0,0,0,0,0,0,0,0,0,0,0,0,0,0,0,0,0,0,0,1.32,0,0,0,0,0,0,0,0,0,0
1874,0,0,0,0,0,0,0,0,0,0,0,0,0,0,"186,376",0,0,0,0,0,0,0,0,0,0,"7,023","1,204",0,0,0,0,0,0,0,0,0,0,0,0,0,0,0,0,0,0,0,0,0,0,0,0,0,0,0,0,1.62,0,0,0,0,0,0,0,0,0,0
1875,0,0,0,0,0,0,0,0,0,0,0,0,0,0,"193,263",0,0,0,0,0,0,0,0,0,0,"6,522",0,0,0,0,0,0,0,0,0,0,0,0,0,0,0,0,0,0,0,0,0,0,0,0,0,0,0,0,0,1.32,0,0,0,0,0,0,0,0,0,0
1876,0,0,0,0,0,0,0,0,0,0,0,0,0,0,"191,304",0,0,0,0,0,0,0,0,0,0,"7,591",0,0,0,0,0,0,0,0,0,0,0,0,0,0,0,0,0,0,0,0,0,0,0,0,0,0,0,0,0,1.31,0,0,0,0,0,0,0,0,0,0
1877,0,0,0,0,0,0,0,0,0,0,0,0,0,0,"186,812",0,0,0,0,0,0,0,0,0,0,"8,386",0,0,0,0,0,0,0,0,0,0,0,0,0,0,0,0,0,0,0,0,0,0,0,0,0,0,0,0,0,1.29,0,0,0,0,0,0,0,0,0,0
1878,0,0,0,0,0,0,0,0,0,0,0,0,0,0,"181,003",0,0,0,0,0,0,0,0,0,0,"5,948","1,289",0,0,0,0,0,0,0,0,0,0,0,0,0,0,0,0,0,0,0,0,0,0,0,0,0,0,0,0,1.63,0,0,0,0,0,0,0,0,0,0
1879,0,0,0,0,0,0,0,0,0,0,0,0,0,0,"170,451",0,0,0,0,0,0,0,0,0,0,"7,025",0,0,0,0,0,0,0,0,0,0,0,0,0,0,0,0,0,0,0,0,0,0,0,0,0,0,0,0,0,1.3,0,0,0,0,0,0,0,0,0,0
1880,0,0,0,0,0,0,0,0,0,0,0,0,0,0,"168,023",0,0,0,0,0,0,0,0,0,0,"6,142",0,0,0,0,0,0,0,0,0,0,0,0,0,0,0,0,0,0,0,0,0,0,0,0,0,0,0,0,0,1.31,0,0,0,0,0,0,0,0,0,0
1881,0,0,0,0,0,0,0,0,0,0,0,0,0,0,"168,419",0,0,0,0,0,0,0,0,0,0,"9,117",0,0,0,0,0,0,0,0,0,0,0,0,0,0,0,0,0,0,0,0,0,0,0,0,0,0,0,0,0,1.27,0,0,0,0,0,0,0,0,0,0
1882,0,0,0,0,0,0,0,0,0,0,0,0,0,0,"167,610",0,0,0,0,0,0,0,0,0,0,"8,795",0,0,0,0,0,0,0,0,0,0,0,0,0,0,0,0,0,0,0,0,0,0,0,0,0,0,0,0,0,1.27,0,0,0,0,0,0,0,0,0,0
1883,0,0,0,0,0,0,0,0,0,0,0,0,0,0,"168,110",0,0,0,0,0,0,0,0,0,0,"8,238","2,184",0,0,0,0,0,0,0,0,0,0,0,0,0,0,0,0,0,0,0,0,0,0,0,0,0,0,0,0,1.58,0,0,0,0,0,0,0,0,0,0
1884,0,0,0,0,0,0,0,0,0,0,0,0,0,0,"164,209",0,0,0,0,0,0,0,0,0,0,"9,602","2,089",0,0,0,0,0,0,0,0,0,0,0,0,0,0,0,0,0,0,0,0,0,0,0,0,0,0,0,0,1.56,0,0,0,0,0,0,0,0,0,0
1885,0,0,0,0,0,0,0,0,0,0,0,0,0,0,"156,913",0,0,0,0,0,0,0,0,0,0,"8,930","1,917",0,0,0,0,0,0,0,0,0,0,0,0,0,0,0,0,0,0,0,0,0,0,0,0,0,0,0,0,1.57,0,0,0,0,0,0,0,0,0,0
1886,"140,699","22,217",0,0,0,"26,103","15,048",0,0,0,0,0,0,0,"88,604",0,0,0,0,0,0,0,0,0,0,"8,898","1,813",0,"141,920",0,0,0,0,0,0,0,0,0,0,0,0,0,0,0,0,0,0,0,0,0,0,0,0,0,0,1.06,0,0,0,0,0,0,0,0,0,0
1887,"153,174","25,150",0,0,0,"27,008","15,212",0,0,0,0,0,0,0,"88,567",0,0,0,0,0,0,0,0,0,0,"8,101","1,742",0,"136,730",0,0,0,0,0,0,0,0,0,0,0,0,0,0,0,0,0,0,0,0,0,0,0,0,0,0,1.06,0,0,0,0,0,0,0,0,0,0
1888,"154,490","10,935",0,0,0,"26,731","15,348",0,"167,537",0,0,0,0,0,"89,252",0,0,0,0,0,0,0,0,0,0,"7,617","1,884",0,"145,757",0,0,0,0,0,0,0,0,0,0,0,0,0,0,0,0,0,0,0,0,0,0,0,0,0,0,1.02,0,0,0,0,0,0,0,0,0,0
1889,"158,016","14,475",0,0,0,"25,898","15,477",0,"211,874",0,0,0,0,0,"92,573",0,0,0,0,0,0,0,0,0,0,"8,636","1,391",0,"155,040",0,0,0,0,0,0,0,0,0,0,0,0,0,0,0,0,0,0,0,0,0,0,0,0,0,0,1.06,0,0,0,0,0,0,0,0,0,0
1890,"173,661","22,508",0,0,0,"28,285","15,599",0,"223,753",0,0,0,0,0,"98,960",0,0,0,0,0,0,0,0,0,0,"8,167","1,634",0,"167,750",0,0,0,0,0,0,0,0,0,0,0,0,0,0,0,0,0,0,0,0,0,0,0,0,0,0,1.04,0,0,0,0,0,0,0,0,0,0
1891,"173,926","22,643",0,0,0,"29,834","16,847",0,"211,768",0,0,0,0,"7,976","100,931",0,0,0,0,0,0,0,0,0,0,"7,670","1,671",0,"174,452",0,0,0,0,0,0,0,0,0,0,0,0,0,0,0,0,0,0,0,0,0,0,0,0,0,0,1.11,0,0,0,0,0,0,0,0,0,0
1892,"180,768","23,747",0,0,0,"29,909","16,964",0,"213,985",0,0,0,0,"8,075","101,818",0,0,0,0,0,0,0,0,0,0,"7,296","1,724",0,"185,900",0,0,0,0,0,0,0,0,0,0,0,0,0,0,0,0,0,0,0,0,0,0,0,0,0,0,1.11,0,0,0,0,0,0,0,0,0,0
1893,"171,260","17,767",0,0,0,"29,988","17,088",0,"221,054",0,0,0,0,"7,813","97,765",0,0,0,0,0,0,0,0,0,0,"7,049",0,0,"193,625",0,0,0,0,0,0,0,0,0,0,0,0,0,0,0,0,0,0,0,0,0,0,0,0,0,0,1.04,0,0,0,0,0,0,0,0,0,0
1894,"160,625","19,833",0,0,0,"30,003","17,255",0,"218,693",0,0,0,0,"6,831","97,925",0,0,0,0,0,0,0,0,0,0,"6,790",0,0,"174,094",0,0,0,0,0,0,0,0,0,0,0,0,0,0,0,0,0,0,0,0,0,0,0,0,0,0,1.03,0,0,0,0,0,0,0,0,0,0
1895,"161,595","16,018",0,0,0,"32,195","17,474",0,"216,561",0,0,0,0,"6,913","101,582",0,0,0,0,0,0,0,0,0,0,"6,561","1,583",0,"150,878",0,0,0,0,0,0,0,0,0,0,0,0,0,0,0,0,0,0,0,0,0,0,0,0,0,0,1.12,0,0,0,0,0,0,0,0,0,0
1896,"165,993","18,075",0,0,0,"22,729","17,263",0,"224,888",0,0,0,0,"7,751","104,541",0,0,0,0,0,0,0,0,0,0,"6,681",0,0,"135,918",0,0,0,0,0,0,0,0,0,0,0,0,0,0,0,0,0,0,0,0,0,0,0,0,0,0,1.05,0,0,0,0,0,0,0,0,0,0
1897,"170,672","19,847",0,0,0,"29,335","17,505",0,"223,260",0,0,"20,826",0,"8,193","106,765",0,0,0,0,0,0,0,0,0,0,"6,614",0,0,"139,869",0,0,0,0,0,0,0,0,0,0,0,0,0,0,0,0,0,0,0,0,0,0,0,0,0,0,1.07,0,0,0,0,0,0,0,0,0,0
1898,"187,795","18,307",0,0,0,"28,133","17,754",0,"221,563",0,0,"20,662",0,"8,291","109,029",0,0,0,0,0,0,0,0,0,0,"7,001","1,733",0,"156,416",0,0,0,0,0,0,0,0,0,0,0,0,0,0,0,0,0,0,0,0,0,0,0,0,0,0,1.17,0,0,0,0,0,0,0,0,0,0
1899,"182,862","19,088",0,0,0,"28,180","17,988",0,"235,805",0,0,"20,381",0,"8,027","115,388",0,0,0,0,0,0,0,0,0,0,"7,191","1,817",0,"167,453",0,0,0,0,0,0,0,0,0,0,0,0,0,0,0,0,0,0,0,0,0,0,0,0,0,0,1.17,0,0,0,0,0,0,0,0,0,0
1900,"185,939","20,877",0,0,0,"31,714","18,209",0,"239,307",0,0,"21,134",0,"6,567","118,526",0,0,0,0,0,0,0,0,0,0,"7,969","1,937",0,"187,922",0,0,0,0,0,0,0,0,0,0,0,0,0,0,0,0,0,0,0,0,0,0,0,0,0,0,1.17,0,0,0,0,0,0,0,0,0,0
1901,"140,614","20,665",0,0,0,"33,461","18,210",0,"237,420",0,0,"21,249",0,"5,847","118,799",0,0,0,0,0,0,0,0,0,0,"8,873","2,100",0,"193,162",0,0,0,0,0,0,0,0,0,0,0,0,0,0,0,0,0,0,0,0,0,0,0,0,0,0,1.16,0,0,0,0,0,0,0,0,0,0
1902,"131,503","21,183",0,0,0,"28,786","18,623",0,"235,637",0,0,"21,167",0,"5,922","109,760",0,0,0,0,0,0,0,0,0,0,"9,001","2,111",0,"201,057",0,0,0,0,0,0,0,0,0,0,0,0,0,0,0,0,0,0,0,0,0,0,0,0,0,0,1.19,0,0,0,0,0,0,0,0,0,0
1903,"142,751","22,039",0,0,0,"18,542","17,510",0,"227,852",0,0,"21,071",0,"6,822","114,064",0,0,0,0,0,0,0,0,0,0,"7,996","2,158",0,"218,554",0,0,0,0,0,0,0,0,0,0,0,0,0,0,0,0,0,0,0,0,0,0,0,0,0,0,1.2,0,0,0,0,0,0,0,0,0,0
1904,"157,716","24,995",0,0,0,"20,691","17,292",0,"231,224",0,0,"20,786",0,"7,326","110,362",0,0,0,0,0,0,0,0,0,0,"7,996","2,227",0,"226,009",0,0,0,0,0,0,0,0,0,0,0,0,0,0,0,0,0,0,0,0,0,0,0,0,0,0,1.2,0,0,0,0,0,0,0,0,0,0
1905,"143,933","26,958",0,0,0,"20,305","17,181",0,"216,983",0,0,"20,483",0,"6,472","104,874",0,0,0,0,0,0,0,0,0,0,"8,009","2,168",0,"225,514",0,0,0,0,0,0,0,0,0,0,0,0,0,0,0,0,0,0,0,0,0,0,0,0,0,0,1.2,0,0,0,0,0,0,0,0,0,0
1906,"143,706","20,472",0,0,0,"20,322","16,775",0,"226,028",0,0,"20,782",0,"7,084","102,332",0,0,0,0,0,0,0,0,0,0,"7,312","2,345",0,"238,441",0,0,0,0,0,0,0,0,0,0,0,0,0,0,0,0,0,0,0,0,0,0,0,0,0,0,1.23,0,0,0,0,0,0,0,0,0,0
1907,"134,290","22,424",0,0,0,"19,959","15,790",0,"241,364",0,0,"20,727",0,"7,172","104,094",0,0,0,0,0,0,0,0,0,0,"6,603","2,514",0,"261,144",0,0,0,0,0,0,0,0,0,0,0,0,0,0,0,0,0,0,0,0,0,0,0,0,0,0,1.27,0,0,0,0,0,0,0,0,0,0
1908,"139,556","13,283",0,0,0,"20,973","16,714",0,"232,511",0,0,"20,309",0,"7,258","104,133",0,0,0,0,0,0,0,0,0,0,"5,494","2,559",0,"234,215",0,0,0,0,0,0,0,0,0,0,0,0,0,0,0,0,0,0,0,0,0,0,0,0,0,0,1.26,0,0,0,0,0,0,0,0,0,0
1909,"139,771","9,778",0,0,0,"20,041","15,847",0,"260,560",0,0,"20,341",0,"6,902","101,506",0,0,0,0,0,0,0,0,0,0,"5,834","2,453",0,"226,204",0,0,0,0,0,0,0,0,0,0,0,0,0,0,0,0,0,0,0,0,0,0,0,0,0,0,1.29,0,0,0,0,0,0,0,0,0,0
1910,"145,933","25,600",0,0,0,"19,345","16,283",0,"176,075",0,0,"15,575",0,"9,599","67,374",0,0,0,0,0,0,0,0,0,0,"6,284","2,639",0,"250,471",0,0,0,0,0,0,0,0,0,0,0,0,0,0,0,0,0,0,0,0,0,0,0,0,0,0,1.27,0,0,0,0,0,0,0,0,0,0
1911,"163,989","23,258",0,0,0,"20,446","16,744",0,"191,556",0,0,"15,738",0,"5,286","79,672",0,0,0,0,0,0,0,0,0,0,"6,955","2,733",0,"260,086",0,0,0,0,0,0,0,0,0,0,0,0,0,0,0,0,0,0,0,0,0,0,0,0,0,0,1.27,0,0,0,0,0,0,0,0,0,0
1912,"157,991","24,148",0,0,0,"24,516","15,611",0,"186,925",0,0,"16,020",0,"6,683","79,041",0,0,0,0,0,0,0,0,0,0,"7,288","2,990",0,"260,312",0,0,0,0,0,0,0,0,0,0,0,0,0,0,0,0,0,0,0,0,0,0,0,0,0,0,1.26,0,0,0,0,0,0,0,0,0,0
1913,"162,535","24,956",0,0,0,"21,311","14,348",0,"45,541",0,0,"16,026",0,"6,337","79,429",0,0,0,0,0,0,0,0,0,0,"7,451",0,0,"277,201",0,0,0,0,0,0,0,0,0,0,0,0,0,0,0,0,0,0,0,0,0,0,0,0,0,0,1.35,0,0,0,0,0,0,0,0,0,0
1914,"83,367","37,901",0,0,0,"9,654","4,648",0,"66,757",0,0,"16,195",0,"1,364","56,180",0,0,0,0,0,0,0,0,0,0,"7,355","3,367",0,0,0,0,0,0,0,0,0,0,0,0,0,0,0,0,0,0,0,0,0,0,0,0,0,0,0,0,1.05,0,0,0,0,0,0,0,0,0,0
1915,"82,581","31,905",0,0,0,"7,681","4,644",0,"113,253",0,0,"9,273",0,893,"46,803",0,0,0,0,0,0,0,0,0,0,"7,050","3,532",0,0,0,0,0,0,0,0,0,0,0,0,0,0,0,0,0,0,0,0,0,0,0,0,0,0,0,0,1.26,0,0,0,0,0,0,0,0,0,0
1916,"96,519","34,328",0,0,0,"9,237","5,195",0,"69,380",0,0,"9,383",0,"1,359","43,723",0,0,0,0,0,0,0,0,0,0,"5,496","2,929",0,0,0,0,0,0,0,0,0,0,0,0,0,0,0,0,0,0,0,0,0,0,0,0,0,0,0,0,1.19,0,0,0,0,0,0,0,0,0,0
1917,"104,899","27,346",0,0,0,"9,739","5,791",0,"38,143",0,0,"8,051",0,"3,188","40,088",0,0,0,0,0,0,0,0,0,0,"4,500","2,835",0,0,0,0,0,0,0,0,0,0,0,0,0,0,0,0,0,0,0,0,0,0,0,0,0,0,0,0,1.3,0,0,0,0,0,0,0,0,0,0
1918,"100,209","25,138",0,0,0,"8,503","6,552",0,"64,585",0,0,"7,765",0,"3,182","40,055",0,0,0,0,0,0,0,0,0,0,"3,568","2,144",0,0,0,0,0,0,0,0,0,0,0,0,0,0,0,0,0,0,0,0,0,0,0,0,0,0,0,0,1.26,0,0,0,0,0,0,0,0,0,0
1919,"104,490","23,468",0,0,0,"10,984","6,628",0,"62,969",0,0,"7,486",0,"4,062","38,623",0,0,0,0,0,0,0,0,0,0,"4,249",0,0,0,0,0,0,0,0,0,0,0,0,0,0,0,0,0,0,0,0,0,0,0,0,0,0,0,0,0,1.18,0,0,0,0,0,0,0,0,0,0
1920,"98,670","24,309",0,0,0,"6,872","6,549",0,"80,989",0,0,"7,327",0,"3,644","35,116",0,0,0,0,0,0,0,0,0,0,"3,507",0,0,0,0,0,0,0,0,0,0,0,0,0,0,0,0,0,0,0,0,0,0,0,0,0,0,0,0,0,1.21,0,0,0,0,0,0,0,0,0,0
1921,"91,037","23,368",0,0,0,"8,555","6,406",0,"80,045",0,0,"7,267",0,"3,643","33,054",0,0,0,0,0,0,0,0,0,0,"3,574",0,0,0,0,0,0,0,0,0,0,0,0,0,0,0,0,0,0,0,0,0,0,0,0,0,0,0,0,0,1.19,0,0,0,0,0,0,0,0,0,0
1922,"104,463","23,232",0,0,0,"9,691","6,411",0,"85,422",0,0,"7,102",0,"3,642","32,392",0,0,0,0,0,0,0,0,0,0,"3,952",494,0,0,0,0,0,0,0,0,0,0,0,0,0,0,0,0,0,0,0,0,0,0,0,0,0,0,0,0,1.34,0,0,0,0,0,0,0,0,0,0
1923,"110,069","21,922",0,0,0,"11,758","7,014",0,"46,730",0,0,"8,866",0,"3,650","32,555",0,0,0,0,0,0,0,0,0,0,"4,454",0,0,0,0,0,0,0,0,0,0,0,0,0,0,0,0,0,0,0,0,0,0,0,0,0,0,0,0,0,1.25,0,0,0,0,0,0,0,0,0,0
1924,"94,648","32,135",0,0,0,"8,940","5,870",0,"66,960",0,0,0,0,"2,003","43,927",0,0,0,0,0,0,0,0,0,0,"4,549",0,0,0,0,0,0,0,0,0,0,0,0,0,0,0,0,0,0,0,0,0,0,0,0,0,0,0,0,0,1.05,0,0,0,0,0,0,0,0,0,0
1925,"105,261","24,126",0,0,0,"9,817","6,891",0,"73,273",0,0,0,0,"3,761","34,155",0,0,0,0,0,0,0,0,0,0,"4,754",0,0,0,0,0,0,0,0,0,0,0,0,0,0,0,0,0,0,0,0,0,0,0,0,0,0,0,0,0,1.14,0,0,0,0,0,0,0,0,0,0
1926,"105,935","24,333",0,0,0,"9,899","6,945",0,"73,811",0,0,0,0,"3,783","34,286",0,0,0,0,0,0,0,0,0,0,"4,520",0,0,0,0,0,0,0,0,0,0,0,0,0,0,0,0,0,0,0,0,0,0,0,0,0,0,0,0,0,1.14,0,0,0,0,0,0,0,0,0,0
1927,"106,116","24,546",0,0,0,"9,975","6,992",0,"74,267",0,0,0,0,"3,806","34,405",0,0,0,0,0,0,0,0,0,0,"4,500",0,0,0,0,0,0,0,0,0,0,0,0,0,0,0,0,0,0,0,0,0,0,0,0,0,0,0,0,0,1.14,0,0,0,0,0,0,0,0,0,0
1928,"106,402","24,755",0,0,0,"10,056","7,036",0,"74,696",0,0,0,0,"3,836","34,548",0,0,0,0,0,0,0,0,0,0,"4,355",0,0,0,0,0,0,0,0,0,0,0,0,0,0,0,0,0,0,0,0,0,0,0,0,0,0,0,0,0,1.14,0,0,0,0,0,0,0,0,0,0
1929,"106,868","24,929",0,0,0,"10,136","7,078",0,"75,097",0,0,0,0,"3,869","34,619",0,0,0,0,0,0,0,0,0,0,"4,186",0,0,0,0,0,0,0,0,0,0,0,0,0,0,0,0,0,0,0,0,0,0,0,0,0,0,0,0,0,1.14,0,0,0,0,0,0,0,0,0,0
1930,0,0,0,0,0,0,0,0,0,0,0,0,0,0,0,0,0,0,0,0,0,0,0,0,0,"2,117",0,0,0,0,0,0,0,0,0,0,0,0,0,0,0,0,0,0,0,0,0,0,0,0,0,0,0,0,0,0,0,0,0,0,0,0,0,0,0,0
1931,0,0,0,0,0,0,0,0,0,0,0,0,0,0,0,0,0,0,0,0,0,0,0,0,0,"2,017",0,0,0,0,0,0,0,0,0,0,0,0,0,0,0,0,0,0,0,0,0,0,0,0,0,0,0,0,0,0,0,0,0,0,0,0,0,0,0,0
1932,0,0,0,0,0,0,0,0,0,0,0,0,0,0,0,0,0,0,0,0,0,0,0,0,0,"2,034",0,0,0,0,0,0,0,0,0,0,0,0,0,0,0,0,0,0,0,0,0,0,0,0,0,0,0,0,0,0,0,0,0,0,0,0,0,0,0,0
1933,0,0,0,0,0,0,0,0,0,0,0,0,0,0,0,0,0,0,0,0,0,0,0,0,0,"2,291",0,0,0,0,0,0,0,0,0,0,0,0,0,0,0,0,0,0,0,0,0,0,0,0,0,0,0,0,0,0,0,0,0,0,0,0,0,0,0,0
1934,0,0,0,0,0,0,0,0,0,0,0,0,0,0,0,0,0,0,0,0,0,0,0,0,0,"2,551",0,0,0,0,0,0,0,0,0,0,0,0,0,0,0,0,0,0,0,0,0,0,0,0,0,0,0,0,0,0,0,0,0,0,0,0,0,0,0,0
1935,0,0,0,0,0,0,0,0,0,0,0,0,0,0,0,0,0,0,0,0,0,0,0,0,0,"2,570",0,0,0,0,0,0,0,0,0,0,0,0,0,0,0,0,0,0,0,0,0,0,0,0,0,0,0,0,0,0,0,0,0,0,0,0,0,0,0,0
1936,0,0,0,0,0,0,0,0,0,0,0,0,0,0,0,0,0,0,0,0,0,0,0,0,0,"2,590",0,0,0,0,0,0,0,0,0,0,0,0,0,0,0,0,0,0,0,0,0,0,0,0,0,0,0,0,0,0,0,0,0,0,0,0,0,0,0,0
1937,0,0,0,0,0,0,0,0,0,0,0,0,0,0,0,0,0,0,0,0,0,0,0,0,0,"2,736",0,0,0,0,0,0,0,0,0,0,0,0,0,0,0,0,0,0,0,0,0,0,0,0,0,0,0,0,0,0,0,0,0,0,0,0,0,0,0,0
1938,0,0,0,0,0,0,0,0,0,0,0,0,0,0,0,0,0,0,0,0,0,0,0,0,0,"2,762",0,0,0,0,0,0,0,0,0,0,0,0,0,0,0,0,0,0,0,0,0,0,0,0,0,0,0,0,0,0,0,0,0,0,0,0,0,0,0,0
1939,0,0,0,0,0,0,0,0,0,0,0,0,0,0,"43,937",0,0,0,0,0,0,0,0,0,0,"3,295",0,0,0,0,0,0,0,0,0,0,0,0,0,0,0,0,0,0,0,0,0,0,0,0,0,0,0,0,0,1.22,0,0,0,0,0,0,0,0,0,0
1940,0,0,0,0,0,0,0,0,0,0,0,0,0,0,"34,834",0,0,0,0,0,0,0,0,0,0,"2,817",0,0,0,0,0,0,0,0,0,0,0,0,0,0,0,0,0,0,0,0,0,0,0,0,0,0,0,0,0,1.2,0,0,0,0,0,0,0,0,0,0
1941,0,0,0,0,0,0,0,0,0,0,0,0,0,0,"31,817",0,0,0,0,0,0,0,0,0,0,"2,586",0,0,0,0,0,0,0,0,0,0,0,0,0,0,0,0,0,0,0,0,0,0,0,0,0,0,0,0,0,1.2,0,0,0,0,0,0,0,0,0,0
1942,0,0,0,0,0,0,0,0,0,0,0,0,0,0,"35,154",0,0,0,0,0,0,0,0,0,0,"2,869",0,0,0,0,0,0,0,0,0,0,0,0,0,0,0,0,0,0,0,0,0,0,0,0,0,0,0,0,0,1.2,0,0,0,0,0,0,0,0,0,0
1943,0,0,0,0,0,0,0,0,0,0,0,0,0,0,"36,186",0,0,0,0,0,0,0,0,0,0,"3,026",0,0,0,0,0,0,0,0,0,0,0,0,0,0,0,0,0,0,0,0,0,0,0,0,0,0,0,0,0,1.2,0,0,0,0,0,0,0,0,0,0
1944,0,0,0,0,0,0,0,0,0,0,0,0,0,0,"30,622",0,0,0,0,0,0,0,0,0,0,"3,056",0,0,0,0,0,0,0,0,0,0,0,0,0,0,0,0,0,0,0,0,0,0,0,0,0,0,0,0,0,1.16,0,0,0,0,0,0,0,0,0,0
1945,0,0,0,0,0,0,0,0,0,0,0,0,0,0,0,0,0,0,0,0,0,0,0,0,0,"4,299",0,0,0,0,0,0,0,0,0,0,0,0,0,0,0,0,0,0,0,0,0,0,0,0,0,0,0,0,0,0,0,0,0,0,0,0,0,0,0,0
1946,0,0,0,0,0,0,0,0,0,0,0,0,0,0,0,0,0,0,0,0,0,0,0,0,0,"3,941",0,0,0,0,0,0,0,0,0,0,0,0,0,0,0,0,0,0,0,0,0,0,0,0,0,0,0,0,0,0,0,0,0,0,0,0,0,0,0,0
1947,0,0,0,0,0,0,0,0,0,0,0,0,0,0,0,0,0,0,0,0,0,0,0,0,0,"4,271",0,0,0,0,0,0,0,0,0,0,0,0,0,0,0,0,0,0,0,0,0,0,0,0,0,0,0,0,0,0,0,0,0,0,0,0,0,0,0,0
1948,0,0,0,0,0,0,0,0,0,0,0,0,0,0,0,0,0,0,0,0,0,0,0,0,0,"4,629",0,0,0,0,0,0,0,0,0,0,0,0,0,0,0,0,0,0,0,0,0,0,0,0,0,0,0,0,0,0,0,0,0,0,0,0,0,0,0,0
1949,0,0,0,0,0,0,0,0,0,0,0,0,0,0,0,0,0,0,0,0,0,0,0,0,0,"4,607",0,0,0,0,0,0,0,0,0,0,0,0,0,0,0,0,0,0,0,0,0,0,0,0,0,0,0,0,0,0,0,0,0,0,0,0,0,0,0,0
1950,"116,074",0,0,0,0,0,0,"2,165",0,0,0,0,"18,307",0,"24,760",0,0,0,0,0,0,0,0,0,0,"5,712",0,"17,935","311,079",0,0,0,0,0,0,0,0,0,0,0,0,0,0,0,0,0,0,0,0,0,0,0,0,0,0,1.59,0,0,0,0,0,0,0,0,0,0
1951,"124,300",0,0,0,0,0,0,"2,186",0,0,0,0,"17,534",0,"30,008",0,0,0,0,0,0,0,0,0,0,"4,952",0,"18,487","316,486",0,0,0,0,0,0,0,0,0,0,0,0,0,0,0,0,0,0,0,0,0,0,0,0,0,0,1.57,0,0,0,0,0,0,0,0,0,0
1952,"119,620",0,0,0,0,0,0,"2,209",0,0,0,0,"18,739",0,"25,156",0,0,0,0,0,0,0,0,0,0,"3,160","3,700","19,961","322,006",0,0,0,0,0,0,0,0,0,0,0,0,0,0,0,0,0,0,0,0,0,0,0,0,0,0,1.73,0,0,0,0,0,0,0,0,0,0
1953,"119,611",0,0,0,0,0,0,"2,235",0,0,0,0,"19,075",0,"30,076",0,0,0,0,0,0,0,0,0,0,"4,026","2,006","20,649","327,383",0,0,0,0,0,0,0,0,0,0,0,0,0,0,0,0,0,0,0,0,0,0,0,0,0,0,1.72,0,0,0,0,0,0,0,0,0,0
1954,"107,802",0,0,0,0,0,0,"2,261",0,0,0,0,"18,249",0,"30,174",0,0,0,0,0,0,0,0,0,0,"4,779","2,428","20,953","332,988",0,0,0,0,0,0,0,0,0,0,0,0,0,0,0,0,0,0,0,0,0,0,0,0,0,0,1.75,0,0,0,0,0,0,0,0,0,0
1955,"102,144",0,0,0,0,0,0,"2,287",0,0,0,0,"19,898",0,"30,258",0,0,0,0,0,0,0,0,0,0,"5,229","2,927","22,470","338,739",0,0,0,0,0,0,0,0,0,0,0,0,0,0,0,0,0,0,0,0,0,0,0,0,0,0,1.76,0,0,0,0,0,0,0,0,0,0
1956,"104,944",0,0,0,0,0,0,"2,312",0,0,0,0,"23,115",0,"35,415",0,0,0,0,0,0,0,0,0,0,"4,837","2,984","24,174","344,396",0,0,0,0,0,0,0,0,0,0,0,0,0,0,0,0,0,0,0,0,0,0,0,0,0,0,1.72,0,0,0,0,0,0,0,0,0,0
1957,"103,850",0,0,0,0,0,0,"2,335",0,0,0,0,"20,177",0,"35,536",0,0,0,0,0,0,0,0,0,0,"5,298","2,586","25,175","350,506",0,0,0,0,0,0,0,0,0,0,0,0,0,0,0,0,0,0,0,0,0,0,0,0,0,0,1.74,0,0,0,0,0,0,0,0,0,0
1958,"88,569",0,0,0,0,0,0,"2,354",0,0,0,0,"18,004",0,"35,662",0,0,0,0,0,0,0,0,0,0,"5,408","2,236","27,241","356,752",0,0,0,0,0,0,0,0,0,0,0,0,0,0,0,0,0,0,0,0,0,0,0,0,0,0,1.8,0,0,0,0,0,0,0,0,0,0
1959,"96,410",0,0,0,0,0,0,"2,373",0,0,0,0,"17,647",0,"35,829",0,0,0,0,0,0,0,0,0,0,"5,526","1,795","26,808","363,141",0,0,0,0,0,0,0,0,0,0,0,0,0,0,0,0,0,0,0,0,0,0,0,0,0,0,1.79,0,0,0,0,0,0,0,0,0,0
1960,"94,100",0,0,0,0,0,0,"2,392",0,0,0,0,"17,354",0,"36,001",0,0,0,0,0,0,0,0,0,0,"5,652","2,277","27,583","369,766",0,0,0,0,0,0,0,0,0,0,0,0,0,0,0,0,0,0,0,0,0,0,0,0,0,0,1.8,0,0,0,0,0,0,0,0,0,0
1961,"102,342","60,247","3,840","70,000","7,694","7,146","3,425","2,933","154,717","18,000","2,424","13,777","18,375","8,709","42,130","6,669","14,000",0,0,"16,038",0,"16,145","576,688","86,000","124,708","8,089","2,571","28,512","413,727","29,490","34,000","5,500","16,219","1,592","21,833","1,773","1,947","23,434",190,"5,639","37,538","221,825","1,600",188312,310524,"90,022",798,"5,445",439,"25,072","3,880","62,972",0,"2,898,948",0,1.89,"16,064",0,0,0,0,0,0,0,0,0
1962,"108,847","65,693","2,558","69,974","8,824","8,424","3,327","3,011","174,969","18,000","2,604","15,869","19,032","9,689","42,108","6,674","15,000",0,0,"15,633",0,"21,278","639,347","89,000","127,664","8,815","2,580","29,998","439,823","31,181","34,000","5,500","17,309","1,686","19,901",657,"1,896","24,413",216,"6,095","37,992","273,093","1,672",192553,286475,"108,942",768,"7,350",438,"25,891","7,308","64,423",0,"3,098,500",0,1.91,"16,011",0,0,0,0,0,0,0,0,0
1963,"116,285","76,307","1,867","56,457","7,197","9,517","3,510","3,002","185,968","18,035","2,776","17,209","17,975","10,478","44,878","6,861","15,325",0,0,"16,660",0,"22,397","668,484","92,000","131,886","9,070","2,777","32,109","451,287","35,782","33,965","4,815","17,999",910,"22,972",424,"1,916","16,959",291,"1,381","36,591","286,916","1,733",196794,293040,"93,429",834,"11,159",529,"26,718","13,490","65,970",0,"3,184,934",0,1.93,"16,408",0,0,0,0,0,0,0,0,0
1964,"120,646","82,079","2,199","66,402","8,888","9,510","4,197","2,921","178,602","19,953","2,869","17,896","19,813","11,185","48,513","6,688","14,003",0,0,"19,189",0,"23,377","702,536","95,000","127,993","9,630","3,049","31,932","480,563","35,187","37,260","6,063","19,433",748,"23,570",432,"1,872","19,408",24,"1,410","50,124","301,606","1,778",201035,303785,"82,814",855,"14,536",432,"27,549","15,806","67,508",0,"3,322,869",0,1.94,"15,886",0,0,0,0,0,0,0,0,0
1965,"124,356","72,552","1,878","79,788","8,912","11,433","4,570","3,026","205,348","21,052","3,062","23,155","20,790","11,351","45,453","6,988","14,609",0,0,"15,164",0,"24,456","745,029","98,000","140,892","10,562","3,310","37,734","508,914","35,815","36,976","5,526","21,930","1,007","21,488",443,"1,908","22,217",99,"1,626","36,140","318,387","1,828",220821,290171,"96,674",879,"17,651",606,"28,370","21,134","69,028",0,"3,493,105",0,1.95,"16,475",0,0,0,0,0,0,0,0,0
1966,"126,854","78,139","1,871","96,796","6,706","9,855","4,615","3,128","178,050","22,725","2,931","17,896","20,830","11,064","45,987","7,250","16,030",0,0,"17,758",0,"25,628","764,679","101,000","155,081","9,568","3,303","39,466","532,342","33,726","36,540","5,705","22,136",920,"27,541",325,"2,019","23,371",727,"1,849","36,637","396,517","1,847",225374,342331,"126,855",797,"21,842",608,"29,177","28,387","70,631",0,"3,735,413",0,1.93,"16,889",0,0,0,0,0,0,0,0,0
1967,"126,980","84,183","1,870","75,334","10,094","9,960","4,736","3,167","168,661","20,474","3,093","20,502","21,189","10,457","46,130","7,589","17,211",0,0,"18,976",0,"28,441","832,034","104,000","169,423","9,690","3,083","42,681","556,269","34,452","73,309","5,560","30,173",810,"42,351",336,"1,607","23,488",385,"1,708","37,528","356,093","1,897",230382,313617,"151,189",878,"26,550",734,"29,873","29,925","72,267",0,"3,861,337",0,1.94,"17,787",0,0,0,0,0,0,0,0,0
1968,"109,826","84,676","1,489","76,103","7,861","11,327","4,732","3,202","195,940","23,795","3,475","22,312","20,176","11,798","47,906","7,889","18,487",0,0,"19,973",0,"30,823","884,242","107,000","192,391","11,070","2,675","42,498","591,969","32,416","73,084","5,803","30,183",838,"49,206","1,041","1,807","24,984",500,"1,757","39,861","393,980","1,940",235845,340620,"147,422",794,"31,230",819,"30,852","31,738","73,937",0,"4,084,292",0,1.96,"18,605",0,0,0,0,0,0,0,0,0
1969,"114,446","90,408","1,878","83,763","8,990","11,284","5,472","3,567","209,756","21,905","3,796","24,116","20,564","12,676","45,490","7,934","20,248",0,0,"23,983",0,"35,143","915,109","110,000","206,654","11,166","2,863","44,398","618,755","32,804","77,591","5,825","29,344",885,"41,551","1,649","1,374","24,892",705,"1,810","42,759","439,689","1,974",240854,356634,"167,494",819,"30,180",932,"31,470","35,279","75,641",0,"4,296,516",0,1.95,"18,854",0,0,0,0,0,0,0,0,0
1970,"119,543","96,632","3,354","77,682","9,574","13,696","6,277","3,959","232,567","22,188","4,332","26,479","21,264","12,284","52,320","8,367","20,313",0,0,"27,888",0,"38,996","923,230","113,000","201,831","12,653","3,088","47,197","618,380","32,022","103,803","6,557","26,712",668,"42,587",814,"1,248","30,563",306,"2,277","42,803","419,137","2,024",316918,373931,"205,794",783,"29,394","1,143","32,191","38,017","77,468",0,"4,504,254",0,1.89,"20,057",0,0,0,0,0,0,0,0,0
1971,"114,316","97,334","3,802","85,409","9,057","16,191","7,016","4,623","259,336","24,327","4,424","27,763","20,316","12,933","55,550","8,640","20,731",0,0,"30,158",0,"42,319","898,575","116,000","223,769","13,120","3,291","53,744","637,760","31,381","91,734","7,915","29,591",793,"43,678",914,"1,028","26,348",314,"4,041","46,030","482,893","2,071",324533,372481,"272,645",811,"30,206","1,305","32,907","41,997","79,287",0,"4,715,407",0,1.84,"20,491",0,0,0,0,0,0,0,0,0
1972,"117,951","103,365","3,614","89,808","10,271","16,378","7,680","4,933","230,517","22,680","5,114","30,315","21,339","13,812","62,136","9,183","21,996",0,0,"31,672",0,"45,765","831,998","119,000","240,080","14,249","3,689","58,163","633,223","35,455","95,715","7,980","26,373",692,"44,803",471,"1,055","24,398",293,"2,846","48,286","518,829","2,109",332149,399507,"297,498",773,"32,803","1,026","33,574","39,820","81,139",0,"4,776,524",0,1.78,"21,533",0,0,0,0,0,0,0,0,0
1973,"126,016","120,806","2,914","90,557","12,095","18,316","7,699","5,607","239,059","23,024","5,583","34,172","21,641","14,923","78,602","9,188","22,679",0,0,"30,382",0,"47,797","827,598","122,000","261,957","16,384","4,427","64,520","649,378","36,443","98,604","5,134","24,130",896,"45,927",500,"1,174","28,463",91,"6,320","58,086","604,611","2,161",339764,419923,"339,473","1,195","35,752","1,546","34,201","38,832","83,083",0,"5,063,631",0,1.76,"21,684",0,0,0,0,0,0,0,0,0
1974,"128,400","116,109","3,424","91,671","12,173","19,427","7,984","6,801","209,067","24,226","5,966","37,025","23,982","13,926","86,544","9,659","23,127",0,0,"32,653",0,"47,317","834,078","125,000","256,159","16,752","5,102","71,598","667,329","36,155","104,152","6,362","25,826",754,"47,063",666,"1,114","33,176",93,"5,582","57,524","643,993","2,217",347379,419669,"343,857","1,026","40,281","1,116","34,852","51,413","85,104",0,"5,164,874",0,1.75,"23,812",0,0,0,0,0,0,0,0,0
1975,"130,732","100,333","3,692","96,282","12,788","20,475","8,814","6,651","238,462","26,995","6,464","46,700","24,302","12,283","82,578","10,061","25,293",0,0,"38,098",0,"40,284","842,401","127,985","293,635","16,284","5,588","73,805","679,777","45,952","106,857","7,312","34,121",716,"48,212",774,"1,529","35,864",225,"7,906","61,113","742,298","2,259",397828,437562,"323,128",919,"42,350","1,216","35,525","53,044","86,941",0,"5,444,411",0,1.75,"24,144",0,0,0,0,0,0,0,0,0
1976,"126,670","106,251","2,874","101,099","12,269","20,107","9,534","6,934","257,268","28,890","6,553","33,953","25,347","11,627","92,932","10,310","25,665",0,0,"42,371",0,"42,935","847,432","130,000","338,079","15,899","6,391","76,432","683,984","45,066","110,807","10,484","44,146",884,"49,383",797,"1,771","30,617",400,"8,595","66,354","865,925","2,323",406348,443352,"351,763","1,169","47,050","1,518","36,332","69,530","88,802",0,"5,745,221",0,1.76,"24,660",0,0,0,0,0,0,0,0,0
1977,"129,020","112,354","3,534","106,151","12,358","21,583","9,205","7,096","226,952","25,126","7,060","40,186","24,517","12,608","79,540","10,574","25,379",0,0,"49,259",0,"45,549","855,527","132,000","372,241","17,724","6,418","78,528","670,415","26,866","111,566","8,076","47,983",891,"50,557",640,"1,621","28,089",480,"9,811","71,420","800,243","2,359",415524,452398,"377,423","1,059","52,277","1,584","37,024","103,755","90,860",0,"5,773,409",0,1.72,"25,068",0,0,0,0,0,0,0,0,0
1978,"134,465","106,935","3,922","111,350","13,028","24,421","6,878","6,654","232,590","28,241","7,592","41,823","24,792","13,127","96,251","9,040","26,976",0,0,"49,244",0,"47,959","863,567","134,000","367,866","18,802","6,412","80,041","688,885","24,673","115,815","9,750","39,239",921,"51,739",662,"1,356","28,504",141,"10,566","68,953","828,590","2,404",424699,455635,"321,907","1,334","55,636","1,584","37,755","112,252","92,947",0,"5,831,922",0,1.73,"20,496",0,0,0,0,0,0,0,0,0
1979,"139,124","113,152","3,522","116,210","10,124","23,341","7,333","6,544","261,481","25,277","7,579","47,636","25,125","12,910","105,857","10,324","27,494",0,0,"44,458",0,"50,470","871,988","137,000","363,260","15,402","6,766","77,929","693,890","47,188","118,689","10,337","41,982",866,"70,000",195,752,"34,088",291,"9,235","70,820","916,026","2,538",435186,474189,"324,466","1,544","59,453","1,493","38,528","124,120","95,162",0,"6,081,344",0,1.72,"23,824",0,0,0,0,0,0,0,0,0
1980,"127,502","107,490","3,123","121,081","12,000","24,330","7,585","6,628","238,319","37,318","6,959","38,250","22,785","12,974","99,627","10,975","27,892",0,0,"50,301",0,"50,868","878,163","139,856","392,916","14,817","6,232","82,142","693,531","57,236","122,254","9,914","45,914","6,111","88,937",202,662,"36,077",225,"18,091","77,546","945,027","2,608",476522,455440,"345,872","1,679","63,464","1,990","39,265","151,232","97,429",0,"6,257,364",0,1.7,"25,127",0,0,0,0,0,0,0,0,0
1981,"117,474","79,507","3,091","121,748","12,106","21,915","8,199","6,552","218,936","27,563","6,533","35,854","20,420","13,450","94,522","9,614","28,123",0,0,"53,353",0,"44,272","885,657","130,608","307,422","16,325","5,876","80,925","688,955","37,203","121,768","10,154","54,452","5,554","90,702",209,566,"40,850",116,"23,100","77,002","980,028","2,672",485646,466380,"342,086","1,992","69,511","1,948","39,939","156,028","99,579",0,"6,146,484",0,1.75,"21,113",0,0,0,0,0,0,0,0,0
1982,"123,671","79,668","3,111","114,453","11,591","21,024","8,408","6,763","199,073","30,719","5,755","36,768","20,308","14,199","89,110","7,757","27,046",0,0,"51,180",0,"44,483","893,290","110,718","305,231","17,455","6,572","77,118","670,823","26,074","132,250","20,261","51,610","4,858","92,502",216,463,"37,164",160,"18,930","90,128","1,015,029","2,715",496874,490190,"336,961","1,425","75,595","1,916","40,598","154,269","101,722",0,"6,168,204",0,1.77,"16,151",0,0,0,0,0,0,0,0,0
1983,"121,778","74,035","3,131","114,713","11,627","22,275","7,920","6,435","191,631","27,964","4,888","37,764","18,697","14,244","91,860","8,249","27,005",0,0,"51,184",0,"44,572","901,826","116,025","295,720","17,888","5,409","72,041","664,093","29,519","139,900","20,763","65,072","3,629","87,577",112,479,"36,405",492,"19,204","87,089","1,050,030","2,759",507401,509860,"260,583","1,461","92,066","2,093","41,167","183,291","104,037",0,"6,197,969",0,1.79,"16,823",0,0,0,0,0,0,0,0,0
1984,"114,328","74,197","3,078","107,346","11,693","19,734","7,632","7,034","181,127","26,138","5,273","34,038","17,349","13,683","91,450","8,287","28,225",0,0,"54,331",0,"44,641","1,020,442","121,453","301,934","17,311","5,681","69,395","658,346","29,960","156,970","21,265","66,519","4,199","89,303",116,247,"38,518",433,"14,911","87,143","1,096,698","2,789",518630,509650,"263,956","1,496","92,182","2,084","41,742","188,246","106,377",0,"6,377,581",0,1.84,"16,767",0,0,0,0,0,0,0,0,0
1985,"120,553","74,332","4,084","107,457","11,141","21,841","8,220","6,874","184,112","27,291","6,349","32,327","17,084","14,407","97,504","9,008","28,604",0,0,"58,491",0,"44,657","863,152","121,834","331,679","18,764","5,662","67,967","637,347","30,384","165,319","21,758","67,669","4,514","91,078",120,511,"35,474",447,"15,044","80,466","1,131,699","2,821",547375,514260,"255,098","1,534","94,944","1,332","42,253","77,637","108,779",0,"6,211,256",0,1.82,"18,375",0,0,0,0,0,0,0,0,0
1986,"121,694","68,372","5,030","111,608","11,192","20,443","8,107","7,223","178,066","26,361","6,002","32,064","17,636","13,822","97,471","8,604","30,437",0,0,"56,388",0,"44,902","532,571","81,452","336,355","20,147","4,678","66,558","599,871","30,880","166,726","22,236","61,648","4,555","100,037",124,791,"43,187",877,"15,462","87,064","1,166,700","2,858",558975,509120,"262,748","1,577","97,008","1,069","42,671","80,008","111,142",0,"5,874,517",0,1.8,"16,774",0,0,0,0,0,0,0,0,0
1987,"125,360","68,373","6,071","112,139","11,876","22,212","7,685","7,366","173,624","24,474","5,637","30,259","16,338","13,241","92,820","8,898","25,324","13,039",0,"49,962",0,"45,204","453,225","66,533","337,030","18,997","5,275","65,047","590,061","31,328","170,834","22,706","70,635","4,569","109,294",128,816,"39,687",571,"15,899","76,782","1,201,701","2,891",571300,505950,"264,211","1,622","99,336","1,375","43,129","86,993","113,575",0,"5,831,403",0,1.84,"17,062",0,0,0,0,0,0,0,0,0
1988,"130,078","68,374","7,056","108,654","11,951","15,939","7,416","7,186","163,695","27,487","5,992","30,925","15,867","13,379","101,981","8,533","26,196","10,419",0,"46,963",0,"45,266","513,499","77,056","332,460","20,275","4,105","65,892","574,355","15,772","170,450","23,174","64,204","4,289","204,293",133,842,"40,177",98,"10,903","78,906","1,236,702","2,917",583625,557200,"263,239","1,668","101,236","1,425","43,612","120,531","116,085",0,"6,082,483",0,1.83,"15,259",0,0,0,0,0,0,0,0,0
1989,"137,797","62,210","7,198","108,802","12,026","13,155","7,014","7,207","160,829","28,674","5,963","28,519","15,694","12,789","101,340","7,854","28,375","10,615",0,"51,890",0,"45,565","573,482","108,605","323,668","21,488","4,606","65,163","564,292","6,448","219,031","23,647","73,669","4,620","208,741",137,"1,014","41,114",502,"10,866","82,705","1,271,703","2,936",595950,478300,"245,847","1,715","103,963","1,180","44,043","139,239","118,717",0,"6,190,906",0,1.82,"14,054",0,0,0,0,0,0,0,0,0
1990,"133,322","56,403","7,259","105,458","11,546","12,891","6,740","6,960","177,522","26,940","5,925","29,620","14,750","12,309","100,626","7,528","28,489","15,911",0,"44,506",0,"49,866","1,040,450","128,736","294,172","21,629","5,031","62,251","570,667","19,442","192,507","24,133","66,645","4,435","214,226",142,"1,045","44,171",774,"16,946","65,899","1,306,704","2,953",715331,491090,"201,898","1,762","120,321","1,220","44,553","180,666","121,256",0,"6,815,628",0,1.91,"13,149",0,0,0,0,0,0,0,0,0
1991,"133,918","56,658","6,756","106,314","13,634","12,647","6,800","6,153","190,099","27,167","6,024","30,482","14,604","12,455","100,392","7,235","24,634","16,041",0,"40,216",0,"50,478","1,187,958","139,624","288,387","20,232","5,100","58,766","534,009","28,017","196,362","24,619","68,028","3,893","218,674",147,924,"40,917",159,"22,616","57,302","1,341,705","2,988",727885,474290,"189,878","1,811","122,240","1,261","45,031","188,740","123,746",0,"6,978,016",0,1.96,"11,933",0,0,0,0,0,0,0,0,0
1992,"146,198","56,496","6,811","106,509","9,838","13,035","6,135","5,293","175,199","27,274","5,731","28,957","13,946","11,180","90,310","7,053","24,456","6,096","5,907","38,159",0,"51,157","568,588","148,625","536,096","19,450","5,170","55,663","540,640","30,384","214,390","25,149","78,075","3,980","214,200",152,"1,109","39,893",55,"23,246","59,231","1,376,706","3,030",740986,476300,"191,980","1,861","127,313","1,294","45,492","185,679","126,351",0,"6,676,828",0,1.88,"10,716",0,0,0,0,0,0,0,0,0
1993,"134,656","51,090","6,965","98,861","11,878","13,688","5,592","4,665","200,824","28,530","6,132","28,753","13,210","11,256","87,594","6,685","23,122","7,160","6,272","37,133",0,"42,212","720,154","161,098","564,420","20,511","5,240","52,405","522,977","32,855","186,305","25,697","70,736","3,741","213,987",158,"1,141","39,851",0,"23,494","60,088","1,411,707","3,086",754502,485190,"188,085","1,912","122,281","1,300","45,944","188,031","129,123",0,"6,862,295",0,1.91,"10,349",0,0,0,0,0,0,0,0,0
1994,"135,836","51,380","6,394","99,154","8,597","12,814","5,690","4,400","193,312","28,659","5,780","27,292","12,703","11,441","86,335","6,886","23,721","8,141","1,629","36,070",0,"34,508","815,962","122,134","578,955","24,284","5,310","51,329","506,746","33,449","220,717","26,239","72,021","3,778","212,497",163,"1,175","48,077",0,"24,132","65,217","1,446,708","3,155",768343,465150,"193,495","1,965","120,844","1,334","46,377","187,363","131,899",0,"6,979,561",0,1.94,"10,842",0,0,0,0,0,0,0,0,0
1995,"135,625","45,759","5,960","99,011","13,241","12,190","5,232","4,960","193,218","26,731","5,803","26,900","11,747","10,788","89,867","6,988","22,709","6,638","2,511","35,006",0,"36,123","1,035,470","104,508","548,150","22,934","5,380","52,256","496,438","26,618","240,358","26,757","63,868","3,354","225,103",169,865,"46,748",0,"24,366","73,418","1,481,709","3,237",800000,473180,"189,027","2,019","129,879","1,735","46,801","215,685","134,581",0,"7,271,621",0,1.98,"10,898",0,0,0,0,0,0,0,0,0
1996,"138,870","34,202","5,839","95,384","15,257","12,568","5,855","4,481","190,654","24,615","6,559","27,253","10,322","10,814","82,619","6,270","20,634","5,849","3,536","32,882",0,"36,354","812,719","86,153","528,989","23,055","5,450","45,487","502,281","28,791","244,074","27,278","64,814","3,382","220,690",175,534,"48,710",611,"18,641","70,325","1,516,710","3,324",830000,468500,"187,559","2,075","132,658","1,764","47,201","230,369","137,006",0,"7,060,144",0,1.98,"11,172",0,0,0,0,0,0,0,0,0
1997,"133,884","34,332","5,983","103,409","13,307","13,245","5,863","4,628","184,257","22,655","6,614","26,863","9,617","10,833","84,364","6,044","19,832","7,226","1,235","31,797",0,"34,449","813,593","115,020","544,930","24,713","5,520","46,036","502,441","33,036","247,692","27,777","66,364","3,213","209,740",181,550,"50,356",0,"25,192","81,612","1,551,711","3,379",860000,449730,"195,740","2,134","135,340","1,828","47,701","220,258","139,362",0,"7,165,585",0,1.99,"11,123",0,0,0,0,0,0,0,0,0
1998,"134,738","34,430","6,050","99,643","12,027","12,451","5,954","4,863","184,506","20,568","7,055","25,993","9,280","10,091","83,360","6,082","19,692","9,747",224,"31,687",0,"20,876","884,171","100,553","548,157","26,518","5,590","46,576","509,171","23,200","251,220","28,265","67,263","3,410","212,169",187,567,"43,800",0,"25,365","79,049","1,586,712","3,407",890000,439790,"197,361","2,196","138,876","1,884","48,146","211,754","141,678",0,"7,256,353",0,2.02,"11,411",0,0,0,0,0,0,0,0,0
1999,"133,642","28,592","15,576","95,741","12,087","12,440","5,957","4,634","164,173","20,585","7,888","26,544","8,873","10,137","86,725","6,157","18,867","3,708",75,"30,548",0,"19,110","953,879","102,420","564,080","26,298","5,460","49,646","522,523","29,534","254,666","28,766","68,077","3,432","210,589",194,585,"38,422",66,"25,974","83,348","1,621,713","3,437",920000,444250,"211,646","2,119","141,550","1,893","48,539","190,873","144,020",0,"7,410,056",0,2.05,"11,713",0,0,0,0,0,0,0,0,0
2000,"134,549","52,904","13,625","95,837","14,169","9,399","6,136","9,391","178,733","21,318","9,003","26,717","9,408","11,639","94,440","6,381","30,658","6,528","4,849","32,381","12,066","64,386","874,399","115,979","539,416","24,869","5,530","52,791","537,664","13,775","443,529","22,278","80,552","2,125","212,783",200,"1,003","33,461",270,"34,050","69,631","1,641,439","3,470",950000,438400,"298,914","1,163","176,837","1,934","48,973","222,925","146,200",0,"7,839,078",0,1.97,"11,789",0,0,0,0,0,0,0,0,0
2001,"138,389","53,075","13,987","54,119","10,170","8,869","6,063","9,867","177,080","22,389","9,272","27,433","10,251","11,678","98,371","7,452","31,293","6,696","3,999","34,364","12,382","64,252","852,391","94,498","558,659","27,665","5,780","53,478","544,121","13,157","437,687","21,985","74,572","2,334","212,232",207,"1,031","34,586",276,"32,890","80,403","1,706,300","3,501",980000,444530,"287,462","1,195","174,971","1,989","49,428","223,044","148,620",0,"7,880,441",0,2.01,"11,284",0,0,0,0,0,0,0,0,0
2002,"137,795","53,183","13,985","122,662","11,571","9,074","6,208","10,124","170,687","23,096","9,695","26,434","10,289","11,789","113,092","7,422","31,875","6,714","4,131","34,297","13,202","42,849","862,011","99,066","291,478","29,008","6,222","54,121","550,007","11,147","431,515","22,262","72,271","1,835","224,203",213,"1,059","33,389",282,"32,155","82,526","1,770,094","3,528",1010000,447000,"269,190","1,229","173,274","1,638","49,704","222,488","151,076",0,"7,774,166",0,2.06,"12,707",0,0,0,0,0,0,0,0,0
2003,"134,141","53,268","13,796","111,237","11,608","10,143","7,014","10,201","165,015","23,707","7,684","23,956","8,847","11,835","120,144","7,713","32,258","6,850","5,777","35,233","14,528","33,858","884,955","132,699","315,089","31,629","6,111","54,731","583,239","12,657","439,189","23,378","72,555","1,611","228,869",439,"1,304","34,342",288,"29,373","77,807","1,776,494","3,555",1035000,463890,"279,121","1,264","174,491",616,"49,934","221,221","153,547",0,"7,938,208",0,2.05,"13,923",0,0,0,0,0,0,0,0,0
2004,"136,066","53,339","10,933","104,206","10,961","16,947","8,136","11,999","174,731","20,413","7,853","22,111","8,879","11,939","123,784","7,729","34,234","4,951","7,101","36,087","14,227","24,142","858,643","163,294","323,600","32,925","6,849","55,350","597,140","14,482","425,410","23,671","71,451","1,714","226,141",676,"1,336","34,976",442,"23,894","73,605",1698771,"3,718","1,057,241",484990,"275,700","1,302","170,201",596,"50,516","224,255","156,006",0,"7,909,662",0,2.01,"14,350",0,0,0,0,0,0,0,0,0
2005,"133,393","53,401","10,007","113,032","11,002","18,250","7,858","12,173","156,815","20,554","8,015","21,318","7,435","11,223","121,442","7,849","31,715","4,812","7,295","35,005","15,313","24,039","834,466","153,507","339,354","36,167","7,067","53,324","623,282","9,025","418,808","36,678","68,978","1,947","221,358",462,"1,369","42,291",451,"23,861","69,660",1714437,"3,928","1,155,093",518970,"276,925","1,340","165,535",644,"50,235","226,830","158,466",0,"8,046,403",0,2.03,"14,795",0,0,0,0,0,0,0,0,0
2006,"139,379","48,929","9,593","113,448","10,350","9,672","7,494","12,385","156,502","20,697","8,366","21,454","7,452","12,006","111,972","7,893","30,682","4,827","7,380","35,911","13,874","16,940","809,844","163,337","334,195","36,684","7,441","56,648","639,294","8,564","428,217","35,779","73,786","2,287","177,378",472,"1,636","43,631",459,"24,871","77,499",1723013,"4,122","1,270,103",525650,"257,486","1,373","170,972",693,"52,163","212,126","160,872",0,"8,107,801",0,2.06,"15,147",0,0,0,0,0,0,0,0,0
2007,"140,241","41,953","9,541","110,056","11,778","7,780","7,753","12,429","148,260","20,742","8,945","21,603","8,233","12,094","117,339","8,165","30,010","4,714","7,812","34,809","14,406","35,744","761,661","171,724","304,752","38,543","7,344","56,360","663,210","12,724","429,339","28,324","78,799","2,326","183,345",722,"1,913","44,562",467,"22,652","79,542",1800917,"4,224","1,425,275",528620,"262,012","1,409","179,212",816,"52,844","214,748","163,235",0,"8,336,025",0,2.11,"15,893",0,0,0,0,0,0,0,0,0
2008,"146,282","41,960","9,132","99,716","11,827","15,220","7,433","11,733","148,429","20,414","8,269","21,621","8,275","12,109","114,192","8,103","30,198","4,707","7,817","34,724","13,630","54,424","736,909","189,383","319,498","39,928","8,036","57,973","671,086","12,893","425,955","35,125","81,763","2,392","183,445",490,"2,444","43,084",395,"25,268","86,205",1882789,"4,368","1,609,786",544480,"271,303","1,807","183,657",829,"54,099","208,374","165,608",0,"8,679,591",0,2.16,"15,854",0,0,0,0,0,0,0,0,0
2009,"141,838","41,961","8,542","94,536","11,871","14,068","6,842","10,896","147,861","20,075","6,709","21,771","9,068","12,179","108,540","8,384","30,184","4,663","7,660","33,693","13,058","44,912","688,867","169,471","319,154","37,556","8,182","58,606","688,935","11,871","406,905","32,894","81,960","2,537","180,584",994,"2,239","41,121",401,"26,281","85,430",1959750,"4,286","1,818,607",575880,"263,349","1,669","201,822",958,"62,837","222,052","170,056",0,"8,924,565",0,2.24,"15,814",0,0,0,0,0,0,0,0,0
2010,"143,161","42,811","8,365","109,786","12,162","14,370","6,554","10,434","147,097","17,617","8,026","21,692","8,613","11,765","116,234","8,500","32,103","4,443","7,805","31,582","10,527","32,377","670,143","160,374","320,000","38,033","9,328","59,648","695,026","13,468","387,463","31,123","92,459","1,542","180,000","1,079","2,048","42,530",485,"26,375","92,592",2059443,"4,383","2,034,517",585570,"301,257","2,056","209,067","1,133","65,068","231,258","163,905",0,"9,287,401",0,2.3,"15,279",0,0,0,0,0,0,0,0,0
2011,"138,511","42,898","8,279","117,977","12,209","14,641","6,912","10,131","145,969","15,483","8,206","20,604","8,678","12,650","112,871","8,600","32,730","4,340","7,851","32,453","10,495","23,738","670,090","164,462","320,000","39,575","9,695","60,298","721,874","7,263","389,198","25,863","95,108","1,552","180,000","1,645","2,082","21,076",492,"26,802","97,009",2266123,"4,553","2,261,010",600610,"307,143","2,324","223,380",818,"67,806","242,593","166,126",0,"9,772,794",0,2.4,"14,612",0,0,0,0,0,0,0,0,0
2012,"133,823","40,479","7,634","107,154","12,261","15,288","7,004","9,779","143,061","14,113","8,305","21,139","8,731","12,800","113,151","8,700","31,431","4,478","8,118","32,807","9,833","21,811","662,276","163,797","320,000","38,634","9,792","61,109","746,686","7,645","385,952","25,115","96,948","1,509","180,000","1,950","1,883","21,474",497,"27,776","80,828",2442751,"4,722","2,415,690",607030,"316,176","2,597","240,216","1,108","70,849","262,811","168,088",0,"10,137,810",0,2.47,"13,927",0,0,0,0,0,0,0,0,0
2013,"134,515","40,713","7,252","106,841","12,337","16,612","7,334","9,238","143,633","14,033","7,252","21,238","8,776","12,120","110,242","8,800","30,538","4,582","7,827","31,720","9,789","23,736","585,368","168,250","320,000","40,301","9,551","61,915","763,837","16,064","379,267","23,779","97,046","1,598","180,000","2,827","1,676","21,163",501,"27,105","85,734",2573512,"4,826","2,510,367",623680,"306,962","2,657","229,040","1,312","64,453","261,346","170,196",0,"10,303,463",0,2.53,"13,842",0,0,0,0,0,0,0,0,0
2014,"130,636","44,330","7,138","107,000","12,411","17,852","7,493","8,895","145,274","13,898","7,216","21,000","8,047","12,318","109,592","8,900","29,610","4,740","7,048","32,000","10,083","23,000","548,299","162,187","320,000","39,811","9,123","59,761","783,468","17,968","376,649","23,028","101,021","2,573","180,000","2,800","1,479","21,679",427,"27,557",55146,2587177,"4,901","2,612,429",618210,"306,205","2,467","227,099","1,158","64,916","227,099","172,000",0,"10,325,119",0,2.58,13827,0,0,0,0,0,0,0,0,0
2015,130190,44208,7196,107596,12328,16834,7600,8694,145014,13693,7371,21162,8163,12381,113198,8946,29810,4815,6695,31843,8066,24898,535934,148036,321664,"40,407","9,124",60532,799693,17708,372370,23033,104521,2537,180936,2941,1490,22020,446,27097,55433,2700544,"5,046","2,568,390",612787,307279,2214,230497,"1,183","64,051",230497,172894,0,"10,392,005",0,2.6,13812,0,0,0,0,0,0,0,0,0
2016,129745,44086,7254,108196,12246,15873,7709,8497,144755,13491,7530,21325,8280,12444,116922,8993,30012,4891,6359,31688,6453,26953,523849,135120,323337,"42,854","9,738",61313,816254,17451,368139,23038,108142,2501,181877,3089,1501,22366,465,26645,55721,2774854,"5,145","2,627,267",607412,308357,1987,233946,1189,"64,548",233946,173793,0,"10,529,546",0,0,13798,0,0,0,0,0,0,0,0,0
"2017",129302,43964,7313,108799,12164,14967,7819,8304,144496,13291,7691,21489,8399,12508,120769,9040,30214,4968,6040,31533,5162,29178,512036,123332,325018,43086,9842,62104,833158,17198,363957,23042,111888,2466,182823,3245,1512,22717,486,26200,56011,2767697,"5,200","2,675,214",602084,309439,1784,237447,1196,63643,237447,174697,0,"10,573,379",0,0,13783,0,0,0,0,0,0,0,0,0
"2018",128861,43843,7373,109405,12083,14113,7930,8116,144238,13095,7857,21654,8520,12572,124742,9087,30418,5046,5738,31378,4130,31586,500490,112571,326708,43320,9948,62905,850412,16948,359822,23047,115765,2431,183773,3408,1523,23073,507,25763,56302,2801088,"5,254","2,738,227",596803,310524,1601,241000,1202,62750,241000,175606,0,"10,675,556",0,0,"13,800",0,0,0,0,0,0,0,0,0
"2019",0,0,0,0,0,0,0,0,0,0,0,0,0,0,0,0,0,0,0,0,0,0,0,0,0,0,0,0,0,0,0,0,0,0,0,0,0,0,0,0,0,0,0,0,0,0,0,0,0,0,0,0,0,0,0,0,0,0,0,0,0,0,0,0,0,0
0,0,0,0,0,0,0,0,0,0,0,0,0,0,0,0,0,0,0,0,0,0,0,0,0,0,0,0,0,0,0,0,0,0,0,0,0,0,0,0,0,0,0,0,0,0,0,0,0,0,0,0,0,0,0,0,0,0,0,0,0,0,0,0,0,0,0

