,Country,France,Italy,Portugal,Spain,Austria,Bel-Lux,Denmark,Finland,Germany,Greece,Ireland,Netherlands,Sweden,Switzerland,United Kingdom,Other WEM,Bulgaria,Croatia,Georgia,Hungary,Moldova,Romania,Russia,Ukraine,Other ECA,Australia,New Zealand,Canada,United States,Argentina,Brazil,Chile,Mexico,Uruguay,Other LAC,Algeria,Morocco,South Africa,Tunisia,Turkey,Other AME,China,Hong Kong,India,Japan,Korea,Malaysia,Philippines,Singapore,Taiwan,Thailand,Other Asia Pacific,Other,World,Unnamed: 55,Coeff. of variation,Unnamed: 57,Norway
0,1835.0,216,0,0,0,0,0,0,0,0,0,0,0,0,0,"41,094",0,0,0,0,0,0,0,0,0,0,0,0,0,0,0,0,0,0,0,0,0,0,0,0,0,0,0,0,0,0,0,0,0,0,0,0,0,0.0,0,0.0,1.0,0.0,0
1,1836.0,282,0,0,0,0,0,0,0,0,0,0,0,0,0,"42,761",0,0,0,0,0,0,0,0,0,0,0,0,0,0,0,0,0,0,0,0,0,0,0,0,0,0,0,0,0,0,0,0,0,0,0,0,0,0.0,0,0.0,1.0,0.0,0
2,1837.0,278,0,0,0,0,0,0,0,0,0,0,0,0,0,"36,521",0,0,0,0,0,0,0,0,0,0,0,0,0,0,0,0,0,0,0,0,0,0,0,0,0,0,0,0,0,0,0,0,0,0,0,0,0,0.0,0,0.0,1.0,0.0,0
3,1838.0,292,0,0,0,0,0,0,0,0,0,0,0,0,0,"38,726",0,0,0,0,0,0,0,0,0,0,0,0,0,0,0,0,0,0,0,0,0,0,0,0,0,0,0,0,0,0,0,0,0,0,0,0,0,0.0,0,0.0,1.0,0.0,0
4,1839.0,366,0,0,0,0,0,0,0,0,0,0,0,0,0,"45,047",0,0,0,0,0,0,0,0,0,0,0,0,0,0,0,0,0,0,0,0,0,0,0,0,0,0,0,0,0,0,0,0,0,0,0,0,0,0.0,0,0.0,1.0,0.0,0
5,1840.0,262,0,0,0,0,0,0,0,0,0,0,0,0,0,"42,329",0,0,0,0,0,0,0,0,0,0,0,0,0,0,0,0,0,0,0,0,0,0,0,0,0,0,0,0,0,0,0,0,0,0,0,0,0,0.0,0,0.0,1.0,0.0,0
6,1841.0,393,0,0,0,0,0,0,0,0,0,0,0,0,0,"35,043",0,0,0,0,0,0,0,0,0,0,0,0,0,0,0,0,0,0,0,0,0,0,0,0,0,0,0,0,0,0,0,0,0,0,0,0,0,0.0,0,0.0,1.0,0.0,0
7,1842.0,413,0,0,0,"22,510",0,0,0,0,0,0,0,0,0,"32,805",0,0,0,0,0,0,0,0,0,0,0,0,0,0,0,0,0,0,0,0,0,0,0,0,0,0,0,0,0,0,0,0,0,0,0,0,0,0.0,0,0.0,1.0,0.0,0
8,1843.0,443,0,0,0,0,0,0,0,0,0,0,0,0,0,"30,945",0,0,0,0,0,0,0,0,0,0,"2,251",0,0,0,0,0,0,0,0,0,0,0,0,0,0,0,0,0,0,0,0,0,0,0,0,0,0,0.0,0,0.0,2.0,0.0,0
9,1844.0,340,0,0,0,"21,544",0,0,0,0,0,0,0,0,0,"39,026",0,0,0,0,0,0,0,0,0,0,699,0,0,0,0,0,0,0,0,0,0,0,0,0,0,0,0,0,0,0,0,0,0,0,0,0,0,0.0,0,0.0,1.0,0.0,0
10,1845.0,361,0,0,0,0,0,0,0,"12,958",0,0,0,0,0,"38,504",0,0,0,0,0,0,0,0,0,0,"1,624",0,0,0,0,0,0,0,0,0,0,0,0,0,0,0,0,0,0,0,0,0,0,0,0,0,0,0.0,0,0.0,1.0,0.0,0
11,1846.0,430,0,0,0,0,0,0,0,"15,109",0,0,0,0,0,"35,056",0,0,0,0,0,0,0,0,0,0,"2,210",0,0,0,0,0,0,0,0,0,0,0,0,0,0,0,0,0,0,0,0,0,0,0,0,0,0,0.0,0,0.0,1.0,0.0,0
12,1847.0,386,0,0,0,0,0,0,0,"12,519",0,0,0,0,0,"36,069",0,0,0,0,0,0,0,0,0,0,"2,009",0,0,0,0,0,0,0,0,0,"31,961",0,0,0,0,0,0,0,0,0,0,0,0,0,0,0,0,0.0,0,0.0,1.0,0.0,0
13,1848.0,231,0,0,0,0,0,0,0,"9,061",0,0,0,0,0,"34,489",0,0,0,0,0,0,0,0,0,0,"3,389",0,0,0,0,0,0,0,0,0,"39,439",0,0,0,0,0,0,0,0,0,0,0,0,0,0,0,0,0.0,0,0.0,1.0,0.0,0
14,1849.0,215,0,0,92,0,0,0,0,"11,040",0,0,0,0,0,"36,232",0,0,0,0,0,0,0,0,0,0,"3,103",0,0,0,0,0,0,0,0,0,"42,703",0,0,0,0,0,0,0,0,0,0,0,0,0,0,0,0,0.0,0,0.0,1.0,0.0,0
15,1850.0,320,0,0,75,0,0,0,0,"11,610",0,0,0,0,0,"42,298",0,0,0,0,0,0,0,0,0,0,"2,468",0,0,0,0,0,0,0,0,0,"43,921",0,0,0,0,0,0,0,0,0,0,0,0,0,0,0,0,0.0,0,0.0,1.0,0.0,0
16,1851.0,332,0,0,70,0,0,0,0,"10,733",0,0,0,0,0,"40,953",0,0,0,0,0,0,0,0,0,0,"2,722",0,0,0,0,0,0,0,0,0,"41,670",0,0,0,0,0,0,0,0,0,0,0,0,0,0,0,0,0.0,0,0.0,1.0,0.0,0
17,1852.0,348,0,0,40,0,0,0,0,"11,854",0,0,0,0,0,"30,883",0,0,0,0,0,0,0,0,0,0,"3,759",0,0,0,0,0,0,0,0,0,"42,751",0,0,0,0,0,0,0,0,0,0,0,0,0,0,0,0,0.0,0,0.0,1.0,0.0,0
18,1853.0,448,0,0,53,0,0,0,0,"12,546",0,0,0,0,0,"50,141",0,0,0,0,0,0,0,0,0,0,"8,572",0,0,0,0,0,0,0,0,0,"30,918",0,0,0,0,0,0,0,0,0,0,0,0,0,0,0,0,0.0,0,0.0,1.0,0.0,0
19,1854.0,"15,498",0,0,32,0,0,0,0,"12,244",0,0,0,0,0,"49,442",0,0,0,0,0,0,0,0,0,0,"5,539",0,0,0,0,0,0,0,0,0,"17,863",0,0,0,0,0,0,0,0,0,0,0,0,0,0,0,0,0.0,0,0.0,1.0,0.0,0
20,1855.0,"41,710",0,0,82,0,0,0,0,"13,634",0,0,0,0,0,"40,673",0,0,0,0,0,0,0,0,0,0,"6,350",0,0,0,0,0,0,0,0,0,"11,882",0,0,0,0,0,0,0,0,0,0,0,0,0,0,0,0,0.0,0,0.0,1.0,0.0,0
21,1856.0,"34,248",0,0,232,0,0,0,0,"13,830",0,0,0,0,0,"43,105",0,0,0,0,0,0,0,0,0,0,"6,370",0,0,0,0,0,0,0,0,0,"17,877",0,0,0,0,0,0,0,0,0,0,0,0,0,0,0,0,0.0,0,0.0,1.0,0.0,0
22,1857.0,"62,844",0,0,"9,871",0,0,0,0,"13,093",0,0,0,0,0,"46,992",0,0,0,0,0,0,0,0,0,0,"7,197",0,0,0,0,0,0,0,0,0,"14,156",0,0,0,0,0,0,0,0,0,0,0,0,0,0,0,0,0.0,0,0.0,1.0,0.0,0
23,1858.0,"11,466",0,0,"1,949",0,0,0,0,"14,093",0,0,0,0,0,"26,329",0,0,0,0,0,0,0,0,0,0,"4,128",0,0,0,0,0,0,0,0,0,"24,506",0,0,0,0,0,0,0,0,0,0,0,0,0,0,0,0,0.0,0,0.0,1.0,0.0,0
24,1859.0,"12,873",0,0,269,0,0,0,0,"12,040",0,0,0,0,0,"37,257",0,0,0,0,0,0,0,0,0,0,"4,073",0,0,0,0,0,0,0,0,0,"33,355",0,0,0,0,0,0,0,0,0,0,0,0,0,0,0,0,0.0,0,0.0,1.0,0.0,0
25,1860.0,"18,331",0,0,"1,432","5,206",0,0,0,"10,525",0,0,0,0,0,"56,712",0,0,0,0,0,0,0,0,0,0,"3,025",0,0,0,0,0,0,0,0,0,"25,530",0,0,0,0,0,0,0,0,0,0,0,0,0,0,0,0,0.0,"568,538",0.0,1.0,0.0,0
26,1861.0,"25,174",0,0,"1,592","5,206",0,0,0,"12,087",0,0,0,0,0,"50,245",0,0,0,0,0,0,0,0,0,0,"2,728",0,0,0,0,0,0,0,0,0,"26,611",0,0,0,0,0,0,0,0,0,0,0,0,0,0,0,0,0.0,"472,158",0.0,1.0,0.0,0
27,1862.0,"12,131","16,120",0,893,"8,813",0,0,0,"12,088",0,0,0,0,0,"54,374",0,0,0,0,0,0,0,0,0,0,"3,314",0,0,0,0,0,0,0,0,0,"25,179",0,0,0,0,0,0,0,0,0,0,0,0,0,0,0,0,0.0,"484,430",0.0,1.0,0.0,0
28,1863.0,"10,288","18,577",0,"8,976","7,988",0,0,0,"13,343",0,0,0,0,0,"64,487",0,0,0,0,0,0,0,0,0,0,"1,467",0,0,0,0,0,0,0,0,0,"28,795",0,0,0,0,0,0,0,0,0,0,0,0,0,0,0,0,0.0,"533,173",0.0,1.0,0.0,0
29,1864.0,"12,010","28,062",0,"15,256","6,194",0,0,0,"11,832",0,0,0,0,0,"70,246",0,0,0,0,0,0,0,0,0,0,40,0,0,0,0,0,0,0,0,0,"32,104",0,0,0,0,0,0,0,0,0,0,0,0,0,0,0,0,0.0,"537,341",0.0,1.0,0.0,0
30,1865.0,"9,962","22,069",0,"10,273","6,243",0,0,0,"16,983",0,0,0,0,0,"64,871",0,0,0,0,0,0,0,0,0,0,0,0,0,0,0,0,0,0,0,0,"37,887",0,0,0,0,0,0,0,0,0,0,0,0,0,0,0,0,0.0,"566,412",0.0,1.0,0.0,0
31,1866.0,"8,189","20,394",63,"2,343","10,688",0,0,0,"19,705",0,0,0,0,0,"69,650",0,0,0,0,0,0,0,0,0,0,"2,426",0,0,0,0,0,0,0,0,0,"45,306",0,0,0,0,0,0,0,0,0,0,0,0,0,0,0,0,0.0,"612,113",0.0,1.0,0.0,0
32,1867.0,"20,394","16,843",61,"4,987","3,443",0,0,0,"21,374",0,0,0,0,0,"70,067",0,0,0,0,0,0,0,0,0,0,"1,108",0,0,0,0,0,0,0,0,0,"37,490",0,0,0,0,0,0,0,0,0,0,0,0,0,0,0,0,0.0,"570,741",0.0,1.0,0.0,0
33,1868.0,"39,502","9,962",54,"1,046","4,059",0,0,0,"21,945",0,0,0,0,0,"77,071",0,0,0,0,0,0,0,0,0,0,402,0,0,0,0,0,0,0,0,0,"38,793",0,0,0,0,0,0,0,0,0,0,0,0,0,0,0,0,0.0,"652,632",0.0,1.0,0.0,0
34,1869.0,"37,817","12,077",61,"4,721","4,091",0,0,0,"27,745",0,0,0,0,0,"78,121",0,0,0,0,0,0,0,0,0,0,240,0,0,0,0,0,0,0,0,0,"35,842",0,0,0,0,0,0,0,0,0,0,0,0,0,0,0,0,0.0,"644,513",0.0,1.0,0.0,0
35,1870.0,"12,661","7,482",51,205,"5,875",0,0,0,"41,503",0,0,0,0,0,"80,805",0,0,0,0,0,0,0,0,0,0,34,0,0,0,0,0,0,0,0,0,"37,470",0,0,0,0,0,0,0,0,0,0,0,0,0,0,0,0,0.0,"611,873",0.0,1.0,0.0,0
36,1871.0,"14,776","5,813",62,274,"14,041",0,0,0,"32,797",0,0,0,0,0,"82,851",0,0,0,0,0,0,0,0,0,0,0,0,0,"41,071",0,0,0,0,0,0,"40,868",0,0,0,0,0,0,0,0,0,0,0,0,0,0,0,0,0.0,"698,510",0.0,1.0,0.0,0
37,1872.0,"51,844","4,240",100,290,"19,396",0,0,0,"47,251",0,0,0,0,0,"89,376",0,0,0,0,0,0,0,0,0,0,0,0,0,"36,764",0,0,0,0,0,0,"36,116",0,0,0,0,0,0,0,0,0,0,0,0,0,0,0,0,0.0,"747,309",0.0,1.0,0.0,0
38,1873.0,"64,380","15,264",76,197,"12,871",0,0,0,"81,087",0,0,0,0,0,"98,569",0,0,0,0,0,0,0,0,0,0,"2,355",0,0,"37,449",0,0,0,0,0,0,"25,805",0,0,0,0,0,0,0,0,0,0,0,0,0,0,0,0,0.0,"868,741",0.0,1.0,0.0,0
39,1874.0,"68,063","11,429",85,234,"9,113",0,0,0,"64,668",0,0,0,0,0,"82,897",0,0,0,0,0,0,0,0,0,0,"2,223",0,0,"36,022",0,0,0,0,0,0,"27,892",0,0,0,0,0,0,0,0,0,0,0,0,0,0,0,0,0.0,"704,454",0.0,1.0,0.0,0
40,1875.0,"29,183","5,420",83,324,"10,620",0,0,0,"69,038",0,0,0,0,0,"83,781",0,0,0,0,0,0,0,0,0,0,"1,893",0,0,"26,631",0,0,0,0,0,0,"33,342",0,0,0,0,0,0,0,0,0,0,0,0,0,0,0,0,0.0,"852,841",0.0,1.0,0.0,0
41,1876.0,"67,640","7,244",89,353,"9,116",0,0,0,"64,719",0,0,0,0,0,"90,697",0,0,0,0,0,0,0,0,0,0,0,0,0,"19,659","48,214",0,0,0,0,0,"35,879",0,0,0,0,0,0,0,0,0,0,0,0,0,0,0,0,0.0,"715,308",0.0,1.0,0.0,0
42,1877.0,"70,736","10,029",72,334,"9,236",0,0,0,"59,111",0,0,0,0,0,"88,961",0,0,0,0,0,0,0,0,0,0,"2,415",0,0,"18,671","65,018",0,0,0,0,0,"39,907",0,0,0,0,0,0,0,0,0,0,0,0,0,0,0,0,0.0,"772,431",0.0,1.0,0.0,0
43,1878.0,"160,291","4,201",114,473,"8,545",0,0,0,"56,397",0,0,0,0,0,"74,794",0,0,0,0,0,0,0,0,0,0,960,0,0,"16,317","54,413",0,0,0,0,0,"29,494",0,0,0,0,0,0,0,0,0,0,0,0,0,0,0,0,0.0,"893,460",0.0,1.0,0.0,0
44,1879.0,"293,811","2,918",273,533,"10,658",0,0,0,"106,332",0,0,0,0,0,"68,931",0,0,0,0,0,0,0,0,0,0,"1,927",0,0,"17,154","54,683",0,0,0,0,0,"36,238",0,0,0,0,0,0,0,0,0,0,0,0,0,0,0,0,0.0,"1,051,982",0.0,2.0,0.0,0
45,1880.0,"722,057","3,084",127,666,"2,986",0,0,0,"47,420",0,0,0,0,0,"79,036",0,0,0,0,0,0,0,0,0,0,0,0,0,"18,164","51,104",0,0,0,0,0,"30,481",0,0,0,0,0,0,0,0,0,0,0,0,0,0,0,0,0.0,"1,336,301",0.0,2.0,0.0,0
46,1881.0,"783,881","3,705",106,688,"3,020","19,800","3,362",0,"48,550",0,0,"9,400",0,"125,956","74,087",0,0,0,0,0,0,0,0,0,0,"1,227",0,0,"19,724","68,770",0,0,0,0,0,"38,769",0,0,0,0,0,0,0,0,0,0,0,0,0,0,0,0,0.0,"1,380,899",0.0,2.0,0.0,0
47,1882.0,"753,714","5,996",105,878,"3,941","19,800","3,392",0,"54,728",0,0,"9,400",0,"124,656","71,445",0,0,0,0,0,0,0,0,0,0,332,0,0,"21,302","51,104",0,0,0,0,0,"39,381",0,0,0,0,0,0,0,0,0,0,0,0,0,0,0,0,0.0,"1,410,244",0.0,2.0,0.0,0
48,1883.0,"897,979","4,585",0,"2,286","4,187","19,800","3,419",0,"56,158",0,0,"9,400",0,"123,426","70,736",0,0,0,0,0,0,0,0,0,0,"3,907",0,0,"31,688","62,863",0,0,0,0,0,"24,904",0,0,0,0,0,0,0,0,0,0,0,0,0,0,0,0,0.0,"1,554,657",0.0,2.0,0.0,0
49,1884.0,"812,987","11,506",0,923,"3,919","19,800","3,456",0,"58,436",0,0,"9,400",0,"122,196","68,669",0,0,0,0,0,0,0,0,0,0,635,0,0,"11,654","80,699",0,0,0,0,0,"17,886",0,0,0,0,0,0,0,0,0,0,0,0,0,0,0,0,0.0,"1,416,804",0.0,2.0,0.0,0
50,1885.0,"818,367","31,507",66,"2,218","3,034","19,800","3,498",0,"57,417",0,0,"9,400",0,"120,999","66,508",0,0,0,0,0,0,0,0,0,0,"3,499",0,0,"17,036","57,016",0,0,0,0,0,"39,519",0,0,0,0,0,0,0,0,0,0,0,0,0,0,0,0,0.0,"1,514,105",0.0,2.0,0.0,0
51,1886.0,"1,104,209","25,585",88,"3,251","2,468","18,300","3,541",0,"55,859",0,0,"8,900",0,"119,802","66,158",0,0,0,0,0,0,0,0,0,0,"2,039",0,0,"17,793","75,428",0,0,0,0,0,"31,251",0,0,0,0,0,0,0,0,0,0,0,0,0,0,0,0,0.0,"1,720,558",0.0,3.0,0.0,0
52,1887.0,"1,228,229","13,522",81,"1,889","2,178","19,200","3,579",0,"57,870",0,0,"10,000",0,"118,604","69,935",0,0,0,0,0,0,0,0,0,0,"2,999",0,0,"17,479","107,345",0,0,0,0,0,"15,471",0,0,0,0,0,0,0,0,0,0,0,0,0,0,0,0,0.0,"1,891,257",0.0,3.0,0.0,0
53,1888.0,"1,206,927","3,857",95,"2,195","2,571","20,200","3,611",0,"67,383",0,0,"8,800",0,"114,074","67,032",0,0,0,0,0,0,0,0,0,0,"1,256",0,0,"17,615","81,962",0,0,0,0,0,"13,346",0,0,0,0,0,0,0,0,0,0,0,0,0,0,0,0,0.0,"1,844,582",0.0,3.0,0.0,0
54,1889.0,"1,047,018","1,540",124,"2,390","2,342","20,400","3,642",0,"74,556",0,0,"9,000",0,"111,877","72,286",0,0,0,0,0,0,0,0,0,0,"3,426",0,0,"17,169","105,621",0,0,0,0,0,"12,394",0,0,0,0,0,0,0,0,0,0,0,0,0,0,0,0,0.0,"1,769,389",0.0,3.0,0.0,0
55,1890.0,"1,083,045","1,619",83,"1,710","4,009","21,500","3,670",0,"73,713",0,0,"9,300",0,"109,980","73,619",0,0,0,0,0,0,0,0,0,0,"1,444",0,0,"19,114","85,605",0,0,0,0,0,"11,153",0,0,0,0,0,0,0,0,0,0,0,0,0,0,0,0,0.0,"1,746,242",0.0,3.0,0.0,0
56,1891.0,"1,228,066","1,017",73,"1,418","5,136","25,000","3,698",0,"72,875",0,0,"9,200",0,"107,960","76,295",0,0,0,0,0,0,0,0,0,0,"1,356",0,0,"20,053","32,352",0,0,0,0,0,"12,469",0,0,0,0,0,0,0,0,0,0,0,0,0,0,0,0,0.0,"1,860,133",0.0,3.0,0.0,0
57,1892.0,"939,734",930,49,927,"53,026","23,800","3,723",0,"84,858",0,0,"9,200",0,"107,550","78,735",0,0,0,0,0,0,0,0,0,0,"1,764",0,0,"20,568","51,869",0,0,0,0,0,"10,772",0,0,0,0,0,0,0,0,0,0,0,0,0,0,0,0,0.0,"1,599,019",0.0,3.0,0.0,0
58,1893.0,"590,531","2,389",24,214,"122,214","21,100","3,750",0,"78,227",0,0,"9,300",0,"107,210","66,714",0,0,0,0,0,0,0,0,0,0,798,0,0,"21,185","69,408",0,0,0,0,0,"8,893",0,0,0,0,0,0,0,0,0,0,0,0,0,0,0,0,0.0,"1,281,008",0.0,2.0,0.0,0
59,1894.0,"449,634","5,684",28,249,"91,411","24,700","3,800",0,"73,099",0,0,"9,100",0,"111,010","65,318",0,0,0,0,0,0,0,0,0,0,0,0,0,"12,313","53,569",0,0,0,0,0,"6,075",0,0,40,0,0,0,0,0,0,0,0,0,0,0,0,0,0.0,"1,161,796",0.0,2.0,0.0,0
60,1895.0,"633,652","10,565",26,263,"81,293","26,400","3,700",0,"70,139",0,0,"9,100",0,"116,731","72,120",0,0,0,0,0,0,0,0,0,0,0,0,0,"11,559","65,306",0,0,0,0,0,"3,546",0,0,37,0,0,0,0,0,0,0,0,0,0,0,0,0,0.0,"1,378,347",0.0,2.0,0.0,0
61,1896.0,"881,443","12,301",25,244,"88,858","30,600","4,000",0,"66,798",0,0,"9,300",0,"90,187","75,898",0,0,0,0,0,0,0,0,0,0,966,0,0,"15,526","58,748",0,0,0,0,0,"5,360",0,0,0,0,0,0,0,0,0,0,0,0,0,0,0,0,0.0,"1,534,842",0.0,3.0,0.0,0
62,1897.0,"753,057","20,715",27,223,"144,059","25,800",400,0,"70,102",0,0,"9,000",0,"122,083","79,826",0,0,0,0,0,0,0,0,0,0,"2,238",0,0,"16,393","52,324",0,0,0,0,0,"4,341",0,0,70,0,0,0,0,0,0,0,0,0,0,0,0,0,0.0,"1,536,304",0.0,2.0,0.0,0
63,1898.0,"860,344","7,853",25,138,"142,000","26,100","4,200",0,"71,297",0,0,"9,200",0,"141,817","82,464",0,0,0,0,0,0,0,0,0,0,"1,888",0,0,"11,786","55,899",0,0,0,0,0,"3,021",0,0,84,0,0,0,0,0,0,0,0,0,0,0,0,0,0.0,"1,605,596",0.0,2.0,0.0,0
64,1899.0,"846,583","14,163",22,225,"140,000","28,200","4,400",0,"75,049",0,0,"9,200",0,"128,523","79,046",0,0,0,0,0,0,0,0,0,0,"1,620",0,0,"13,342","45,925",0,0,0,0,0,"2,482",0,0,141,0,0,0,0,0,0,0,0,0,0,0,0,0,0.0,"1,606,641",0.0,2.0,0.0,0
65,1900.0,"521,655","12,665",27,235,"138,000","33,449","4,400",0,"80,296",0,0,"9,063","2,940","25,952","76,392",0,0,0,0,0,0,0,0,0,0,"3,785",0,0,"14,179","45,377",0,0,0,0,0,"2,567",0,0,590,0,0,0,0,0,0,0,0,0,0,0,0,0,0.0,"1,265,138",0.0,2.0,0.0,0
66,1901.0,"370,809","18,512",33,290,"136,000","21,968","4,100",0,"79,830",0,0,"9,263","2,940","131,200","75,221",0,0,0,0,0,0,0,0,0,0,964,0,0,"16,609","44,947",0,0,0,0,0,"1,958",0,0,98,0,0,0,0,0,0,0,0,0,0,0,0,0,0.0,"1,080,397",0.0,2.0,0.0,0
67,1902.0,"444,692","13,492",30,308,"134,000","23,582","4,200",0,"75,979",0,0,"9,263","2,940","147,764","74,694",0,0,0,0,0,0,0,0,0,0,"1,004",0,0,"19,001","30,928",0,0,0,0,0,"2,191",0,0,131,0,0,0,0,0,0,0,0,0,0,0,0,0,0.0,"1,180,442",0.0,2.0,0.0,0
68,1903.0,"618,931","12,428",38,256,"132,000","27,496","4,000",0,"74,824",0,0,"9,163","2,940","196,952","66,876",0,0,0,0,0,0,0,0,0,0,824,0,0,"21,215","37,048",0,0,0,0,0,"1,532",0,0,168,0,0,0,0,0,0,0,0,0,0,0,0,0,0.0,"1,381,097",0.0,2.0,0.0,0
69,1904.0,"668,607","6,766",38,239,"130,000","25,611","3,900",0,"70,592",0,0,"8,963","2,940","110,893","56,131",0,0,0,0,0,0,0,0,0,0,557,0,0,"21,847","37,147",0,0,0,0,0,"1,522",0,0,332,0,0,0,0,0,0,0,0,0,0,0,0,0,0.0,"1,307,474",0.0,2.0,0.0,0
70,1905.0,"517,486","2,641",44,254,"128,000","30,625","3,800",0,"80,641",0,0,"11,180","2,940","206,300","57,876",0,0,0,0,0,0,0,0,0,0,499,0,0,"21,537","42,562",0,0,0,0,0,"1,675",0,0,55,0,0,0,0,0,0,0,0,0,0,0,0,0,0.0,"1,319,463",0.0,2.0,0.0,0
71,1906.0,"576,454","3,204",39,284,"126,000","35,440","3,800",0,"55,224",0,0,"10,500","2,940","63,550","59,569",0,0,0,0,0,0,0,0,0,0,515,0,0,"25,125","57,161",0,0,0,0,0,"1,768",0,0,0,0,0,0,0,0,0,0,0,0,0,0,0,0,0.0,"1,246,380",0.0,2.0,0.0,0
72,1907.0,"592,336","4,199",41,257,"124,000","32,188","4,100",0,"90,961",0,0,"10,270","2,940","128,520","59,912",0,0,0,0,0,0,0,0,0,0,524,0,0,"28,993","58,547",0,0,0,0,0,"1,735",0,0,165,0,0,0,0,0,0,0,0,0,0,0,0,0,0.0,"1,377,425",0.0,2.0,0.0,0
73,1908.0,"689,344","1,742",33,241,"122,000","25,741","6,400",0,"98,071",0,0,"9,450","2,940","142,330","53,995",0,0,0,0,0,0,0,0,0,0,538,0,0,"29,145","56,649",0,158,0,0,0,"1,513",0,0,193,0,0,0,0,0,0,0,0,0,0,0,0,0,0.0,"1,470,283",0.0,2.0,0.0,0
74,1909.0,"618,279","1,569",37,255,"120,000","33,775","2,600",29,"88,518",985,0,"9,950","2,940","154,830","56,074",1,319,0,0,"34,063",0,932,"8,644",0,0,596,672,"4,113","30,923","53,747",0,182,"9,624","12,394","40,914","1,617","4,409",428,195,0,"42,003",0,0,"1,787","1,879",98,0,"1,274",0,93,0,"6,081",0.0,"1,430,959",0.0,3.0,0.0,0
75,1910.0,"800,303","1,617",37,281,"118,000","47,252","3,600",29,"137,417",985,0,"12,290","2,940","168,360","62,430",1,319,0,0,"34,063",0,932,"8,644",0,0,494,672,"4,113","37,335","52,669","68,891",227,"9,624","12,394","40,914","2,551","4,409",428,220,0,"42,003",0,0,"1,787","1,879",98,0,"1,274",0,93,0,"6,081",0.0,"1,721,746",0.0,3.0,0.0,0
76,1911.0,"923,130","2,599",34,307,"116,000","19,954","3,800",29,"139,526",985,0,"10,510","2,940","136,090","57,146",1,319,0,0,"34,063",0,932,"8,644",0,0,554,672,"4,113","27,267","44,293","68,891",355,"9,624","12,394","40,914","2,551","4,409",428,106,0,"42,003",0,0,"1,787","1,879",98,0,"1,274",0,93,0,"6,081",0.0,"1,703,324",0.0,3.0,0.0,0
77,1912.0,"924,965","4,860",34,314,"114,000","29,616","3,800",29,"132,534",985,0,"12,230","3,050","144,650","55,422",1,319,0,0,"34,063",0,932,"8,644",0,0,698,672,"4,113","21,972","45,732","68,891",233,"9,624",0,"40,914","2,551","4,409",428,238,0,"42,003",0,0,"1,787","1,879",98,0,"1,274",0,93,0,"6,081",0.0,"1,805,577",0.0,3.0,0.0,0
78,1913.0,"760,955","3,314",37,292,"112,000","35,340","3,820",29,"130,398",985,0,"12,020","3,220","168,170","56,067",1,319,0,0,"34,063",0,932,"8,644",0,0,699,672,"4,113","25,148","40,207","68,891",0,"9,624",0,"40,914","2,551","4,409",428,220,0,"42,003",0,0,"1,787","1,879",98,0,"1,274",0,93,0,"6,081",0.0,"1,538,194",0.0,3.0,0.0,0
79,1914.0,"686,994","1,559",27,220,"110,000","17,388","2,734",0,0,0,0,"9,600","3,070","125,430","52,177",0,0,0,0,0,0,0,0,0,0,682,0,0,"28,179","27,463",0,0,0,0,0,"2,171",0,0,165,0,0,0,0,0,0,0,0,0,0,0,0,0,0.0,"1,274,347",0.0,3.0,0.0,0
80,1915.0,"840,319",592,19,241,"108,000","11,354","3,977",0,0,0,0,"8,050","3,070","105,180","50,711",0,0,0,0,0,0,0,0,0,0,454,0,0,"21,408","17,739",0,0,0,0,0,"1,790",0,0,194,0,0,0,0,0,0,0,0,0,0,0,0,0,0.0,"1,443,535",0.0,3.0,0.0,0
81,1916.0,"848,499","1,872",26,298,"106,000","4,482","5,946",0,0,0,0,"11,560","3,070","80,050","58,916",0,0,0,0,0,0,0,0,0,0,405,0,0,"20,280","11,558",0,0,0,0,0,"1,523",0,0,208,0,0,0,0,0,0,0,0,0,0,0,0,0,0.0,"1,279,336",0.0,3.0,0.0,0
82,1917.0,"1,044,248",470,30,380,"104,000","5,013",280,0,0,0,0,"3,550","3,070","114,450","47,157",0,0,0,0,0,0,0,0,0,0,302,0,0,"19,239","7,330",0,0,0,0,0,955,0,0,99,0,0,0,0,0,0,0,0,0,0,0,0,0,0.0,"1,545,434",0.0,3.0,0.0,0
83,1918.0,"592,231",261,21,342,"102,000","1,731","7,409",0,0,0,0,"2,540","3,070","94,530","59,807",0,0,0,0,0,0,0,0,0,0,187,0,0,"12,619","4,825",0,0,0,0,0,773,0,0,132,0,0,0,0,0,0,0,0,0,0,0,0,0,0.0,"1,071,619",0.0,3.0,0.0,0
84,1919.0,"610,360",578,36,365,"100,000","50,368","3,800",0,0,0,0,"20,120","3,070","137,530","114,800",0,0,0,0,0,0,0,0,0,0,173,0,0,"7,434","3,606",0,0,0,0,0,"1,195",0,0,95,0,0,0,0,0,0,0,0,0,0,0,0,0,0.0,"1,412,620",0.0,2.0,0.0,0
85,1920.0,"538,960","1,155",25,577,"101,323","47,543","3,900",0,"87,144",0,0,"11,850","4,500","144,910","90,812",0,0,0,0,0,0,0,0,0,0,416,0,0,0,"5,268",0,0,0,0,0,"11,080",0,0,226,0,0,0,0,0,0,0,0,0,0,0,0,0,0.0,"1,189,960",0.0,2.0,0.0,0
86,1921.0,"540,126",642,0,203,"89,013","45,200","3,240",0,"74,900",0,0,"12,560","2,860","134,680","57,696",0,0,0,0,0,0,0,0,0,0,470,0,0,0,519,0,0,0,0,0,850,0,0,201,0,0,0,0,0,0,0,0,0,0,0,0,0,0.0,"1,191,612",0.0,2.0,0.0,0
87,1922.0,"796,124","1,232",0,190,"91,291","50,940","5,230",0,"47,331",0,0,"14,690","1,950","114,000","55,823",0,0,0,0,0,0,0,0,0,0,206,0,0,0,"4,194",0,0,0,0,0,"1,860","30,590",0,183,0,0,0,0,0,0,0,0,0,0,0,0,0,0.0,"1,225,013",0.0,3.0,0.0,0
88,1923.0,"810,944",724,0,309,"13,385","54,710","5,070",0,"29,047",0,0,"10,010","2,440","107,770","60,179",0,0,0,0,0,0,0,0,0,0,266,0,0,0,"4,054",0,0,0,0,0,"1,860","25,840",0,297,0,0,0,0,0,0,0,0,0,0,0,0,0,0.0,"1,377,077",0.0,3.0,0.0,0
89,1924.0,"910,294","2,437",32,283,"37,923","65,460","4,230",0,"74,789",0,0,"12,530","3,520","140,680","80,242",0,0,0,0,0,0,0,0,0,0,349,0,0,0,"4,052",0,0,0,0,0,"1,359","18,770",0,296,0,0,0,0,0,0,0,0,0,0,0,0,0,0.0,"1,734,187",0.0,3.0,0.0,0
90,1925.0,"855,220","1,526",117,285,"31,057","50,085","4,665",104,"132,571",125,"3,885","14,874","3,652","145,495","80,769","8,788",0,0,0,386,0,38,106,0,"29,617",370,"1,095","3,104",290,"4,349","27,532",86,"5,162","3,642","40,005","1,715","25,320",219,314,0,"61,820","1,754",150,"1,569","3,040",170,459,442,0,212,0,"12,302",0.0,"1,558,485",0.0,4.0,0.0,0
91,1926.0,"1,054,336","1,254",106,358,"32,735","63,512","5,225",258,"69,546",94,"3,241","16,081","4,204","145,497","81,912","11,415",1,0,0,270,0,2,264,0,"24,555",397,"1,169","3,814",184,"3,938","32,838",83,"4,966","4,583","31,378","1,839","28,759",104,443,0,"72,014","2,018",150,"1,660","2,785",169,572,462,0,224,0,"15,685",0.0,"1,725,097",0.0,4.0,0.0,0
92,1927.0,"1,048,209","2,545",53,367,"42,888","43,285","4,446",289,"135,986",238,"2,586","14,252","5,119","120,569","84,220","10,666",4,0,0,289,0,112,0,0,"31,862",407,907,"5,152",103,"4,554","24,786",60,"3,911","2,189","27,686","1,352","26,469",237,354,0,"66,604",956,150,"1,669","2,115",39,602,601,0,270,0,"13,076",0.0,"1,732,234",0.0,4.0,0.0,0
93,1928.0,"1,197,671","1,753",32,223,"48,210","41,580","4,594",226,"137,064",225,"2,616","14,286","5,234","123,844","62,026","9,457",1,0,0,179,0,86,0,0,"34,600",346,890,"5,429",192,"4,562","8,635",108,"4,186","2,455","26,749","1,750","15,480",258,433,0,"62,710",992,150,"1,740","2,565",24,468,490,0,278,0,"17,216",0.0,"1,842,010",0.0,4.0,0.0,0
94,1929.0,"1,202,800","2,540",65,249,"42,457","44,893","5,403",105,"115,381",195,"2,490","14,715","5,852","116,958","69,629","15,224",1,0,0,135,0,60,0,0,"34,467",347,977,"6,086",79,"4,138","24,732",132,"4,460","2,205","23,599","2,362","23,438",234,553,218,"70,076",641,150,"1,688","2,973",172,586,488,0,672,0,"16,397",0.0,"1,861,020",0.0,4.0,0.0,0
95,1930.0,"1,282,859","2,970",65,98,"37,285","40,973","6,217",108,"83,037",86,"2,631","14,100","6,500","116,424","62,910","14,380",0,0,0,86,0,36,0,0,"32,072",369,933,"5,083",172,"3,927","16,124",115,53,"3,639","19,090","2,485","27,133",217,585,8,"65,115",446,150,"1,525","2,055",150,410,365,0,579,0,"13,410",0.0,"1,866,977",0.0,5.0,0.0,0
96,1931.0,"1,560,040","2,882",42,38,"28,206","35,020","5,721",102,"68,725",101,"2,576","11,973","6,707","115,689","66,849","14,633",0,0,0,66,0,15,0,0,"18,046",70,631,"4,215",81,"2,415","6,998",52,"2,810","2,344","16,131","2,426","27,182",180,660,5,"53,145",317,150,"1,287","1,636",124,283,400,0,381,0,"11,921",0.0,"2,073,274",0.0,5.0,0.0,0
97,1932.0,"1,360,057","2,063",28,44,"17,090","28,671","3,621","1,184","70,619",39,"2,009","9,461","4,384","119,919","56,457","12,616",1,0,0,24,0,6,0,0,"12,288",38,447,"3,180",127,"1,130","5,229",24,"2,669",347,"13,714","2,226","16,490",119,722,0,"55,334",682,150,994,"1,691",168,205,299,0,401,0,"10,917",0.0,"1,817,883",0.0,5.0,0.0,0
98,1933.0,"1,718,779","2,156",30,98,"6,540","27,430","3,970",510,"70,319",10,"1,980","7,760","3,060","137,790","66,380","13,360",0,0,0,20,0,10,0,0,"10,410",67,520,"2,470","5,180",960,"7,520",6,"2,660",690,"11,470","6,633","12,210",160,510,0,"57,580","1,000",150,"1,190","1,520",20,210,280,0,320,0,"9,490",0.0,"2,193,428",0.0,5.0,0.0,0
99,1934.0,"1,246,739","3,266",30,60,"4,860","25,280","4,800",650,"91,586",20,"1,920","8,010","4,050","114,390","66,050","12,230",0,0,0,20,0,20,0,0,"10,060",110,680,"2,420","14,190",632,"6,510",11,"4,030",150,"12,740","5,203","9,070",210,500,0,"53,070","1,250",160,"1,280","1,700",20,330,280,0,390,0,"10,350",0.0,"1,719,328",0.0,5.0,0.0,0
100,1935.0,"1,235,181","5,349",230,26,"6,450","32,480","5,610",900,"89,985",10,"2,150","9,180","4,550","86,870","73,130","13,320",0,0,0,20,0,20,0,0,"11,040",129,750,"2,350","10,400",717,"6,770",10,"2,960",140,"13,500","2,537","5,590",240,410,0,"69,850","1,090",140,"1,530","1,830",20,370,280,0,420,0,"10,300",0.0,"1,708,834",0.0,5.0,0.0,0
101,1936.0,"1,208,012","2,197",30,0,"6,690","33,840","5,090","1,040","94,070",20,"2,190","9,680","4,880","81,270","79,280","13,530",0,0,0,30,0,10,80,0,"10,150",136,890,"2,100","13,680",758,"6,870",20,"2,480",170,"13,780","4,536","4,370",250,530,0,"102,730",310,160,"1,360","1,640",20,330,260,0,490,0,"12,230",0.0,"1,722,188",0.0,5.0,0.0,0
102,1937.0,"1,224,464","2,035",40,0,"5,900","40,990","5,760","1,690","106,570",20,"2,430","11,170","5,580","92,820","81,760","11,360",0,0,0,30,0,20,10,0,"11,190",156,"1,000","2,330","14,370","1,165","7,700",30,"2,850",200,"13,430","2,098","4,040",220,570,0,"102,620",340,160,"1,330","1,920",20,440,290,0,450,0,"13,160",0.0,"1,774,728",0.0,5.0,0.0,0
103,1938.0,"1,607,835","1,962",40,0,"6,550","39,440","6,010","1,780","126,700",50,"2,190","10,490","6,550","95,740","72,400","11,440",0,0,0,30,0,10,0,0,"13,080",226,900,"2,040","12,980","1,062","13,120",40,"1,700",195,"13,024","2,238","3,860",250,530,0,"113,460",60,200,"1,330",220,10,410,240,0,500,0,"13,250",0.0,"2,184,141",0.0,5.0,0.0,0
104,1939.0,"1,477,740",863,40,0,0,"30,200","6,680","1,210","173,960",40,"2,610","11,710",69,"99,440","78,500","16,061",0,0,0,30,0,10,0,0,"20,160",187,480,"2,050","14,800",875,"7,270",40,"2,050",190,"13,625","2,200","4,630",180,514,10,"68,480",100,180,640,90,0,350,260,0,0,50,"16,810",0.0,"2,055,383",0.0,5.0,0.0,0
105,1940.0,"955,220",487,30,3,0,"15,470","5,310","1,090","177,200",20,"2,290","8,950",27,"97,650","68,910","9,302",0,0,0,30,0,10,0,0,"23,060",120,630,"2,290","13,640",706,"4,980",28,"2,210",250,"12,196","1,940","4,140",190,498,10,"66,050",60,120,680,0,0,410,180,0,0,30,"13,500",0.0,"1,489,916",0.0,4.0,0.0,0
106,1941.0,"1,015,120",657,30,1,0,"19,240","1,450",490,"300,700",0,"3,010","4,360",21,"109,730","11,690","11,362",30,0,0,70,0,0,0,0,"12,970",29,460,"1,920","6,250",227,"6,060",10,"1,800",20,"12,133","1,660","4,480",190,481,0,"55,330",100,40,840,0,0,370,110,0,0,20,"15,830",0.0,"1,599,291",0.0,4.0,0.0,0
107,1942.0,"459,580",230,20,3,0,"10,440","1,450","1,110","288,620",10,"3,370","2,180","3,300","104,850","4,110","3,848",0,0,0,80,0,130,0,0,"5,010",14,600,"2,080","3,880",338,"4,090",17,910,30,"6,455",300,"8,110",40,465,0,"41,840",60,0,510,0,0,0,0,0,0,0,"7,660",0.0,"965,740",0.0,4.0,0.0,0
108,1943.0,250,164,30,1,0,"17,910",920,"1,570","283,288",10,"2,640","1,960","4,890","98,660","4,940",557,0,0,0,60,0,0,0,0,"3,360",0,"1,000","1,330","15,850",33,"5,850",37,"1,650",20,"5,530",0,"23,650",10,449,0,"43,730",100,0,420,0,0,0,0,0,0,0,"3,220",0.0,"524,089",0.0,4.0,0.0,0
109,1944.0,490,0,20,1,0,"6,820",460,710,"146,210",0,40,0,"3,840","54,610","5,830","6,749",0,0,0,0,0,0,0,0,"5,040",3,580,"1,360","30,630",234,"6,460",10,"2,270",20,"7,816",0,"49,390",10,433,0,"55,720",110,0,500,0,0,0,0,0,0,0,"2,340",0.0,"388,706",0.0,3.0,0.0,0
110,1945.0,"75,860",0,20,2,0,"13,970",510,730,0,0,"2,100",0,"6,390","80,350","17,230","6,798",0,0,0,10,0,0,0,0,430,0,940,"2,320","10,150",289,"13,100",79,"2,400",20,"7,442",200,"49,390",30,416,0,"91,310",150,0,630,0,0,0,100,0,0,0,"1,960",0.0,"385,326",0.0,2.0,0.0,0
111,1946.0,"928,200",87,100,12,100,"40,600","2,900",200,"1,500",0,"3,300","5,100","7,900","129,200","38,500","9,888",0,0,0,0,0,0,0,0,"2,900",2,700,"4,300","19,000",651,"16,800",108,"3,400",300,"10,241",600,"31,900",300,400,0,"103,300",0,100,"1,200",0,0,0,600,0,0,0,"5,100",0.0,"1,369,489",0.0,5.0,0.0,0
112,1947.0,"646,300",118,100,10,"1,100","31,600","2,500",300,400,10,"2,800","7,400","7,600","85,800","50,100","14,992",0,0,0,0,0,0,0,0,"10,700",15,"1,300","3,000","8,600",373,"16,000",133,"2,700",300,"12,494","1,000","21,700",300,300,0,"100,300",0,300,300,60,0,0,300,0,0,0,"13,900",0.0,"1,045,205",0.0,4.0,0.0,0
113,1948.0,"989,400",58,100,1,"4,000","39,200","3,900",500,"2,000",200,"2,500","10,700","10,100","92,300","52,900","26,941",0,0,0,0,0,0,0,0,100,86,"1,200","3,000","11,000",223,"10,700",54,100,200,"10,723","1,100","15,600",100,"1,000",0,"83,100",100,200,300,120,0,300,100,0,0,0,"15,800",0.0,"1,390,006",0.0,5.0,0.0,0
114,1949.0,"1,030,300","5,324",100,27,"4,300","43,700","7,600",800,"11,000",200,"1,800","5,500","7,000","83,000","39,800","23,848",0,0,0,0,0,0,0,0,767,199,"1,300","3,300","12,000",22,"3,200",0,200,100,"13,178","2,050","19,400",100,400,0,"87,000","1,500",300,800,180,0,300,100,0,0,0,"13,500",0.0,"1,424,195",0.0,5.0,0.0,0
115,1950.0,"1,203,400","3,961",100,25,"5,200","46,700","5,800","1,100","86,384",200,"2,400","5,400","7,700","95,100","42,500","26,613",0,0,0,0,0,0,0,0,"1,433",120,"1,700","3,600","17,600",129,"4,400",0,600,400,"14,771","3,100","11,600",100,500,0,"125,000",500,400,600,240,0,400,100,0,0,0,"19,600",0.0,"1,739,476",0.0,5.0,0.0,0
116,1951.0,"1,009,900","5,889",100,19,"3,500","47,500","7,800","3,000","118,576",300,"2,800","6,500","8,800","98,900","53,300","26,981",0,0,0,100,0,668,"4,475",0,"2,100",208,"1,300","4,300","19,800",282,"9,900",0,"3,200",700,"20,318","25,300","4,200",100,"6,200",0,"163,800",0,500,500,300,0,200,100,0,0,0,"22,500",0.0,"1,684,916",0.0,4.0,0.0,0
117,1952.0,"1,175,800","4,966",100,26,"5,700","49,800","6,000","3,600","131,700",300,"2,200","5,900","11,400","97,500","41,500","18,274",0,0,0,600,0,"1,336","8,950",0,100,363,"1,200","4,900","20,200",33,"4,900",0,"1,300",400,"10,367","43,600","8,500",100,600,0,"195,400",0,400,800,400,0,600,100,0,0,0,"26,900",0.0,"1,886,815",0.0,4.0,0.0,0
118,1953.0,"1,182,500","5,013",100,130,"7,800","48,300","8,900","3,500","162,300",300,"1,900","7,000","12,600","96,400","47,400","3,470",0,0,0,"1,100",0,"2,004","13,425",0,"1,300",35,900,"5,600","22,600",16,"2,800",0,"1,400",200,"22,384","47,200","3,700",200,300,0,"233,700",0,300,200,700,0,600,100,0,0,0,"25,000",0.0,"1,973,377",0.0,4.0,0.0,0
119,1954.0,"1,526,400","5,185",100,47,"9,000","54,300","10,300","4,800","200,900",100,"2,300","10,100","15,200","104,200","54,600","6,253",0,0,0,"9,000",0,"2,672","17,900",0,"7,200",184,500,"6,100","24,000",11,"3,500",92,"1,000",100,"23,197","7,180","2,800",200,100,0,"285,900",0,200,200,200,0,600,100,0,0,0,"18,600",0.0,"2,415,321",0.0,4.0,0.0,0
120,1955.0,"1,867,700","5,137",100,36,"8,900","56,000","9,700",900,"265,900",0,"2,600","12,500","17,900","106,100","61,800","5,100",0,0,0,"9,300",0,"4,800","22,375",0,"18,600",242,"1,100","6,200","26,900",14,"1,800",109,800,100,"24,077","10,160","2,900",300,700,0,"215,940",0,250,200,100,0,600,100,0,0,0,"10,350",0.0,"2,778,391",0.0,5.0,0.0,0
121,1956.0,"1,453,900","6,024",100,51,"16,900","61,300","9,200","6,200","375,900",0,"2,700","16,300","14,400","113,800","65,300","5,200",0,0,0,"1,000",0,700,"26,850",0,"14,900",221,"1,100","7,100","29,400",16,"2,100",93,"2,300",200,"25,291","65,000","2,400",300,"5,000",0,"264,300",0,300,200,100,0,600,200,0,0,100,"7,200",0.0,"2,604,247",0.0,4.0,0.0,0
122,1957.0,"1,847,600","6,044",100,60,"37,200","66,000","10,000","5,700","325,000",0,"2,600","17,000","20,900","136,300","73,400","6,300",0,0,0,"1,400",0,100,"31,325",0,"24,800",152,"1,300","7,700","31,900",46,"1,500",0,"1,000",100,"22,754","9,100","1,600",300,500,0,"241,500",0,500,100,200,0,600,200,0,0,100,"9,600",0.0,"2,942,581",0.0,4.0,0.0,0
123,1958.0,"1,993,100","4,744",100,81,"17,100","58,700","10,800","2,400","363,200",0,"2,500","16,600","21,400","139,400","69,800","5,800",0,0,0,"10,700",0,0,"35,800",0,"44,100",223,700,"8,800","33,900","6,948","1,400",0,700,0,"21,252","4,500","1,500",400,500,0,"194,100",0,300,800,200,0,600,100,0,0,100,"8,700",0.0,"3,082,047",0.0,4.0,0.0,0
124,1959.0,"1,546,000","4,356",100,32,"14,700","61,300","11,300","2,200","380,100",100,"1,800","18,700","24,300","117,300","80,600","4,900",0,0,0,100,0,0,"33,900",0,"43,700",236,600,"8,900","37,100","1,764","1,700",53,500,0,"18,883","22,500",100,400,400,0,"197,300",0,400,700,200,0,700,200,0,0,300,"6,500",0.0,"2,644,924",0.0,4.0,0.0,0
125,1960.0,"1,671,100","4,567",100,67,"43,600","68,900","12,400","2,900","485,100",0,"2,700","22,600","26,600","124,000","95,900","5,200",0,0,0,"13,500",0,0,"56,700",0,"54,900",273,"1,000","9,500","40,200",50,"1,800",0,800,100,"7,850","40,900",0,300,300,0,"221,000",0,400,700,400,0,700,100,0,0,100,"7,400",0.0,"3,024,707",0.0,4.0,0.0,0
126,1961.0,"1,493,984","4,937",93,92,"50,679","70,941","12,403","3,350","399,787",52,"3,170","27,257","27,483","128,117","100,307","4,624",0,0,0,"29,135",0,"1,930","57,100",0,"50,900",446,"1,000","10,851","45,562",276,"1,626",40,560,36,"7,204","61,200",866,290,218,2,"206,397",0,500,70,510,0,700,0,400,0,113,"7,789",0.0,"2,801,060",0.0,4.0,0.0,"3,994"
127,1962.0,"1,680,935","5,750",65,80,"28,839","67,292","13,042","3,758","453,820",50,"3,270","26,890","29,498","140,318","93,560","5,038",0,0,0,"8,043",0,"3,320","55,000",0,"12,400",373,822,"11,033","38,395",112,717,20,703,0,"7,133",0,339,290,156,6,"179,910",0,515,35,260,0,414,140,380,0,83,"7,921",0.0,"2,954,018",0.0,4.0,0.0,"4,360"
128,1963.0,"975,671","7,580",81,102,"51,982","74,820","12,454","4,621","501,288",70,"3,610","27,486","28,416","152,648","108,129","4,635","4,333",0,0,"9,989",0,"1,520","74,500",0,"17,130",404,"1,018","11,198","38,182",36,668,10,786,2,"8,505",0,490,420,168,0,"185,407",0,552,34,590,0,435,107,418,0,120,"8,373",0.0,"2,393,269",0.0,3.0,0.0,"3,965"
129,1964.0,"1,148,415","8,313",98,141,"26,858","80,094","14,686","4,933","456,475",70,"3,980","30,730","33,571","144,762","122,891","4,512",5,0,0,"5,327",0,"2,460","106,100",0,"20,650",534,979,"13,732","41,282",14,550,10,"1,136",17,"9,355",0,415,"6,595",100,5,"198,004",0,503,43,650,0,446,97,389,0,81,"8,869",0.0,"2,589,104",0.0,3.0,0.0,"3,881"
130,1965.0,"911,272","7,198",105,252,"24,237","96,555","16,989","5,571","469,719",61,"4,380","36,398","32,046","155,068","122,055","5,215","3,014",0,0,509,0,"1,120","128,200",0,"14,350",681,"1,069","15,831","40,393",722,369,5,513,9,"10,425",0,354,"6,454",55,1,"205,495",0,605,70,350,12,415,165,599,0,96,"9,615",0.0,"2,417,207",0.0,3.0,0.0,"4,666"
131,1966.0,"995,435","10,128",115,297,"45,820","88,054","17,942","5,765","585,460",87,"3,910","38,380","31,723","158,362","123,922","5,988",38,0,0,"33,178",0,"6,330","129,200",0,"16,770",663,"1,228","16,662","51,229",1,635,6,571,0,"13,954",0,173,303,46,2,"217,910",0,539,39,387,16,393,137,833,4,128,"12,161",0.0,"2,737,063",0.0,3.0,0.0,"5,285"
132,1967.0,"488,035","11,092",106,405,"46,698","93,792","18,404","6,811","520,198",99,"5,022","60,453","37,099","164,528","142,389","5,654","2,057",0,0,"64,538",0,"3,820","179,800",0,"22,013",861,857,"17,087","54,910",54,"1,702",5,808,0,"11,629",0,166,407,0,2,"208,585",0,746,30,467,22,323,189,562,6,135,"12,205",0.0,"2,304,138",0.0,2.0,0.0,"5,032"
133,1968.0,"398,979","13,400",116,454,"34,548","103,601","18,522","7,946","580,259",86,"4,700","82,015","43,346","168,537","165,649","8,352","25,550",0,0,"21,622",0,"5,010","271,600",0,"28,371","1,388","1,209","12,916","65,598",112,"2,932",10,856,0,"16,796",239,479,486,3,1,"204,543",0,742,140,496,14,358,182,762,6,165,"13,235",0.0,"2,404,831",0.0,2.0,0.0,"7,075"
134,1969.0,"611,565","21,550",103,555,"24,097","114,552","22,010","7,196","635,026",98,"4,713","105,270","43,271","178,666","169,378","8,562","10,042",0,0,"9,309",0,"1,210","683,700",0,"33,697","2,074","1,378","27,025","72,517",155,989,6,728,5,"15,077",354,318,453,18,8,"195,680",0,788,89,529,12,364,215,"1,030",10,158,"11,276",0.0,"3,110,968",0.0,3.0,0.0,"7,799"
135,1970.0,"1,016,975","18,000",154,552,"22,758","128,193","26,859","9,648","687,621","1,830","4,879","115,592","49,234","189,270","158,435","8,791","6,557",0,0,"9,114",0,890,"718,800",0,"32,877","1,953","1,364","28,538","91,182",136,"1,628",7,903,2,"18,774",24,313,634,8,0,"177,651",0,"1,055",19,"1,297",21,329,119,"1,053",13,145,"11,323",0.0,"3,632,841",0.0,3.0,0.0,"7,833"
136,1971.0,"516,766","33,800",167,461,"25,585","121,444","28,885","9,211","721,636","2,138","5,101","90,190","53,082","196,163","196,672","10,945","7,085",0,0,"33,545",0,900,"771,800",0,"32,981","2,403","1,391","32,591","113,631",74,"1,799",0,"1,807",1,"16,543",43,204,766,20,0,"142,662",0,"1,178",38,"1,508",39,313,199,"1,159",63,67,"13,613",0.0,"3,275,957",0.0,3.0,0.0,"9,491"
137,1972.0,"853,433","28,800",186,"16,089","45,567","135,418","32,444","11,137","851,205","1,203","5,983","108,907","65,583","210,063","234,214","11,031","15,048",0,0,"28,145",0,"1,000","779,300",0,"48,990","2,530","1,801","37,392","153,100",72,"3,125",3,"2,709",1,"17,484",20,157,420,46,0,"131,369",0,"1,311",25,"3,292",32,349,147,978,6,97,"12,460",0.0,"3,937,470",0.0,3.0,0.0,"9,974"
138,1973.0,"867,019","112,000",246,"83,154","54,462","135,483","52,840","13,560","840,258","38,893","7,896","113,703","50,938","241,456","320,388","12,310","15,198",0,0,"21,270",0,"3,000","672,130",0,"52,377","3,005","2,078","52,540","192,092",0,"4,593",0,"2,664",1,"18,886",19,193,456,108,21,"121,866",0,"1,845",18,"17,121",47,503,140,"1,287",73,134,"12,732",0.0,"4,247,705",0.0,2.0,0.0,"10,282"
139,1974.0,"577,682","47,000",166,574,"49,814","135,310","38,225","14,686","762,174","25,779","5,862","129,757","59,729","229,244","296,740","12,646","13,885",0,0,"9,742",0,"3,300","759,730",0,"43,468","4,310","2,482","49,222","179,659",0,"4,800",1,"3,251",1,"20,209",0,181,"5,324",61,4,"113,472",0,"1,414",29,"37,641",34,543,175,"1,476",109,152,"12,762",0.0,"3,758,539",0.0,2.0,0.0,"11,040"
140,1975.0,"919,025","20,000",42,713,"86,430","148,207","50,798","13,051","825,630",613,"6,289","133,063","68,217","215,340","266,418","13,983","28,454",0,0,"23,858",0,"1,372","849,763",0,"40,814","5,294","2,383","60,413","163,398",8,"4,375",3,"2,561",17,"21,769",59,213,"7,161",15,10,"109,728",0,"1,287",54,"12,305",32,404,258,"1,387",8,134,"11,495",0.0,"4,263,565",0.0,3.0,0.0,"12,447"
141,1976.0,"698,131","21,100",21,990,"39,975","134,148","59,558","11,744","899,147",230,"7,598","142,018","65,976","203,514","273,501","14,555","21,722",0,0,"29,669",0,"3,400","776,393",0,"54,432","6,925","1,776","69,258","194,790",3,"5,947","2,232","3,701",9,"30,580",57,190,512,35,7,"100,076",0,"1,844",32,"18,018",26,407,331,"1,614",21,224,"11,815",0.0,"4,009,561",0.0,2.0,0.0,"11,677"
142,1977.0,"639,804","23,500",55,"1,051","26,444","160,184","56,555","10,800","950,715",274,"8,364","155,048","80,932","203,853","318,043","15,049","32,584",0,0,"34,439",0,"23,000","641,290",0,"64,000","8,098","1,731","95,898","234,615",190,"6,459","12,200","2,961",106,"34,592",24,221,632,37,0,"97,591",0,"2,002",46,"23,490",79,481,410,"1,942",0,287,"12,164",0.0,"4,082,441",0.0,2.0,0.0,"12,427"
143,1978.0,"745,824","23,200",36,"2,158","23,253","159,562","58,629","10,386","868,678",422,"9,174","160,426","71,111","207,258","328,451","12,470","15,385",0,0,"20,382",0,"15,000","583,662",0,"46,153","7,802","1,611","104,670","328,783",359,"8,864","4,576","3,838",187,"40,523",0,218,649,22,0,"83,821",0,"2,355",42,"20,870",260,591,465,"1,904",157,288,"12,574",0.0,"4,105,248",0.0,2.0,0.0,"10,192"
144,1979.0,"848,602","22,500",60,844,"21,108","182,006","64,801","10,822","973,277",280,"10,803","158,995","77,496","214,226","410,266","17,577","5,935",0,0,"20,038",0,"5,200","686,847",0,"46,249","8,481","1,677","100,918","326,922","17,887","9,682","1,300","7,248",369,"34,751",1,175,618,6,0,"72,007",0,"2,931",35,"27,549",488,674,629,"1,961",144,347,"13,099",0.0,"4,562,008",0.0,2.0,0.0,"14,791"
145,1980.0,"667,092","19,500",62,741,"22,379","182,505","65,177","11,603","1,039,170",270,"10,459","173,088","76,678","232,731","351,692","17,321","8,582",0,0,"14,148",0,"6,700","828,117",0,"56,190","6,874","1,850","110,059","367,990","4,043","5,948","4,050","8,723",392,"46,328",1,61,768,0,0,"82,078",0,"2,695",36,"32,328",173,608,559,"2,079",129,305,"12,004",0.0,"4,561,364",0.0,2.0,0.0,"15,310"
146,1981.0,"777,707","17,700",78,"1,244","29,911","187,115","75,115","9,596","1,157,896",250,"11,537","176,767","73,800","270,616","409,662","19,961","18,895",0,0,"40,314",0,"7,600","794,164",0,"27,991","7,492","2,288","120,381","414,791",626,"4,462","8,198","10,637",400,"48,844",0,116,922,92,0,"92,443",0,"3,298",24,"32,660",87,858,605,"2,164",177,478,"11,919",0.0,"4,972,564",0.0,2.0,0.0,"17,436"
147,1982.0,"752,694","14,400",84,"1,490","33,337","188,175","83,761","9,895","1,126,645",320,"9,909","195,383","80,536","264,297","405,034","13,191","18,754",0,0,"60,033",0,"3,000","666,294",0,"41,183","8,992","3,369","121,810","441,710",80,"4,417",172,"5,317",175,"45,919",12,73,"1,248",60,0,"102,419",0,"3,669",31,"37,124",80,580,782,"2,274",70,488,"12,913",0.0,"4,873,427",0.0,2.0,0.0,"10,805"
148,1983.0,"538,151","17,100",40,"2,149","20,262","199,001","88,866","12,375","1,139,657",352,"10,037","194,189","88,669","221,267","445,290","19,555","10,224",0,0,"23,999",0,"2,200","631,298",0,"61,233","7,334","2,502","122,451","475,846",0,"4,072",55,193,66,"29,205",0,29,"1,615",43,0,"108,121",0,"3,501",36,"46,699",76,791,925,"2,471",159,648,"12,613",0.0,"4,638,443",0.0,2.0,0.0,"17,240"
149,1984.0,"578,313","14,600",60,"1,804","19,606","191,380","93,231","12,119","1,076,210",468,"11,938","215,093","90,807","226,121","509,610","20,689","6,498",0,0,"23,734",0,"2,300","725,784",0,"69,863","9,646","3,233","162,442","519,838",0,"2,219",49,107,135,"33,556",11,72,"2,958",6,41,"115,077",0,"3,716",41,"48,903",222,875,259,"2,660",267,663,"12,111",0.0,"4,898,720",0.0,2.0,0.0,"17,930"
150,1985.0,"685,876","68,900",30,"4,068","24,780","201,156","102,114","10,745","1,102,646",700,"12,021","214,825","91,399","233,540","537,620","22,919","1,650",0,0,"73,645",0,"2,600","678,567",0,"85,551","13,119","3,852","138,614","496,653",0,"5,253",69,232,285,"33,860",2,119,"1,078",10,0,"108,918",0,"3,990",400,"45,293",167,"1,530",445,"2,119",119,939,"10,680",0.0,"5,143,024",0.0,2.0,0.0,"20,008"
151,1986.0,"403,759","59,600",256,"4,990","25,320","187,552","99,358","14,388","1,031,513",496,"13,174","213,436","94,872","212,372","558,427","23,852",124,0,0,"97,460",0,0,"234,453",0,"99,380","12,794","2,846","133,620","377,925",0,"8,213",52,964,282,"33,393",0,87,928,10,11,"92,408",142,"4,146",98,"33,656",195,"1,089",540,"2,125",144,716,"11,505",0.0,"4,218,423",0.0,2.0,0.0,"21,135"
152,1987.0,"416,406","57,000",296,"7,146","36,710","209,286","103,781","14,741","1,084,309",929,"13,110","208,738","97,151","217,107","605,406","26,044",55,0,0,"41,926",0,0,"175,949",0,"105,047","7,667","1,793","133,469","311,259",4,"5,009",125,"3,722",501,"36,760",0,132,663,7,34,"72,468",150,"4,569",90,"52,295",201,"1,058","1,250","2,437",211,895,"12,001",0.0,"4,160,982",0.0,2.0,0.0,"23,151"
153,1988.0,"553,131","37,200",642,"6,778","35,721","201,732","108,466","15,637","1,090,144","1,395","7,535","210,312","102,396","192,745","614,377","29,109","5,345",0,0,"31,979",0,0,"155,914",0,"97,367","8,146","2,197","135,793","288,549",6,"6,672",145,"6,591",253,"34,310",0,157,881,10,407,"77,177",195,"4,272",170,"76,227 ","1,373","1,153","1,216","2,819","1,824","1,267","12,132",0.0,"4,266,402",0.0,2.0,0.0,"26,360"
154,1989.0,"569,267","87,600","181,461","4,504","25,166","199,541","101,857","17,659","1,060,363","3,787","13,830","211,965","112,350","195,297","626,934","28,095","3,866",0,0,"11,461",0,0,"228,704",0,"114,788","9,737","6,798","147,337","273,420",41,"9,347",55,"13,026",243,"30,071",0,621,686,40,27,"84,313",61,"4,936",162,"82,852 ","1,308",701,"1,199","3,180","1,918","1,489","12,732",0.0,"4,538,248",0.0,2.0,0.0,"25,930"
155,1990.0,"450,408","73,100","21,111","4,271","24,337","215,544","110,862","21,141","1,008,437","5,428","14,605","208,848","106,779","182,840","639,508","30,051","6,253",0,0,"20,875",0,"25,000","142,132",0,"69,593","10,453","7,978","144,199","241,773",160,"9,200",49,"19,707",437,"33,723",0,485,696,49,9,"79,642",76,"4,814",143,"86,025 ","1,917",887,786,"2,930","1,973","1,445","12,647",0.0,"4,138,944",0.0,2.0,0.0,"27,919"
156,1991.0,"541,403","78,400","2,632","14,134","22,432","211,782","117,953","25,200","1,072,879","7,655","15,079","224,589","100,993","179,271","619,795","30,493","2,175",0,0,"7,745",0,"21,568","120,000",0,"37,236","8,999","11,328","141,235","223,136",929,"8,423",91,"12,272","1,254","42,681",2,295,620,39,7,"84,431",49,"4,618",43,"75,223 ","1,247","1,058",851,"3,675","2,029","1,248","12,463",0.0,"4,161,652",0.0,2.0,0.0,"28,135"
157,1992.0,"583,215","72,300","2,291","7,778","21,488","223,058","126,617","26,991","995,642","5,424","12,949","243,249","103,730","171,316","638,850","29,208","9,204","24,442",200,"8,607",0,"25,000","203,097","17,000","114,760","8,703","8,506","140,965","258,243","2,061","6,275",283,"11,929","2,268","43,939",13,291,610,91,30,"125,786",157,"4,880",84,"68,370 ","2,108",751,"1,242","3,954","2,518","1,627","13,577",0.0,"4,405,668",0.0,2.0,0.0,"26,853"
158,1993.0,"576,479","45,800","20,414",560,"19,729","229,363","115,531","27,714","929,958","4,959","14,521","191,510","102,674","175,664","653,560","29,141","11,589","18,702","1,700","9,771",0,"31,745","279,086","19,800","159,833","7,832","19,003","154,624","235,809","28,932","12,530",165,"12,826","2,010","48,490",21,333,697,147,54,"93,495",367,"4,960",70,"65,048 ","3,231",768,"1,307","4,399","2,169","2,043","16,349",0.0,"4,406,237",0.0,2.0,0.0,"26,910"
159,1994.0,"681,295","31,400","135,360","50,649","17,761","222,068","121,970","28,146","1,012,463","4,222","18,350","232,247","135,967","174,635","741,796","32,465","15,447","6,562",82,"7,275",0,"3,847","325,000","19,033","190,914","8,341","32,689","155,314","261,812","23,346","22,625",183,"21,677","2,885","63,409",17,"9,677",888,126,35,"92,091",155,"5,620",154,"89,707 ","3,927",820,"1,406","5,418","3,405","2,159","16,677",0.0,"5,052,651",0.0,2.0,0.0,"29,501"
160,1995.0,"600,029","29,700","75,582","139,265","26,239","229,924","129,763","28,232","877,082","3,967","16,156","188,308","87,376","187,372","639,415","34,339","39,600","3,364","1,246","3,342",0,"13,946","469,302","27,093","196,386","14,057","25,513","147,728","275,331","5,051","27,907",195,"4,849","4,586","56,803",72,"14,393","4,377",60,28,"89,951",712,"5,699",259,"107,669 ","5,668","1,253","1,673","5,954","3,628","4,187","17,900",0.0,"4,988,541",0.0,2.0,0.0,"31,956"
161,1996.0,"499,083","34,900","51,158","113,700","29,864","218,009","147,334","26,406","1,071,914","3,957","26,597","211,002","114,387","184,773","701,246","39,521","23,128","7,263","1,014","5,172",0,"5,138","234,688","40,591","226,804","20,256","21,318","169,842","347,244","4,393","23,383",417,"7,339","8,435","56,839",30,"22,577","16,505",97,164,"83,352","4,355","10,583",300,"107,351 ","5,853",966,"2,265","6,494","5,323","8,852","20,950",0.0,"5,003,272",0.0,2.0,0.0,"36,623"
162,1997.0,"541,777","70,400","41,627","14,702","59,569","228,273","168,261","30,624","985,461","4,025","29,224","189,470","106,027","184,624","841,948","44,937","11,745","4,742",619,"3,747",0,774,"314,753","40,526","238,360","13,589","22,409","178,381","445,150","7,526","25,252",476,"11,940","9,286","60,667",16,"9,367","19,696",127,174,"131,011","33,578","34,095",244,"145,185 ","9,390",966,"2,352","8,152","24,561","5,799","25,478",0.0,"5,416,065",0.0,2.0,0.0,"41,976"
163,1998.0,"546,916","107,200","147,905","89,658","60,542","252,044","169,889","34,922","1,163,110","4,664","31,625","199,896","112,107","187,653","857,286","46,657","22,548",572,"1,299","2,473",0,"7,112","291,090","47,300","199,780","25,622","28,164","203,032","400,425","8,669","24,145","2,362","11,423","8,400","55,553",19,839,"11,383",86,209,"132,339","46,227","20,785",423,"321,392 ","2,559","1,663","2,937","6,846","15,613","2,407","18,622",0.0,"5,959,763",0.0,2.0,0.0,"43,299"
164,1999.0,"561,027","53,600","217,562","11,518","52,441","241,924","167,663","34,687","1,185,386","6,984","41,310","277,200","121,445","188,553","896,301","52,211","13,162","5,322",227,"2,109",0,"7,690","81,242","12,274","200,426","24,255","40,778","219,491","407,234","9,645","28,449","2,373","13,696","6,751","62,362","5,479","5,877","11,003",92,169,"94,342","43,658","10,292",306,"188,635 ","5,766","2,782","3,461","9,167","9,191","5,938","20,656",0.0,"5,779,058",0.0,2.0,0.0,"48,031"
165,2000.0,"435,013","64,973","188,635","12,037","48,737","274,775","179,398","40,214","992,225","6,287","43,507","201,365","119,168","180,859","887,803","50,705","5,530","2,644",224,"2,385",0,"1,277","162,346","9,469","240,167","19,607","40,789","235,757","447,940","5,910","31,248","1,812","16,417","7,851","89,051",304,"1,133","7,769",72,216,"102,673","34,571","10,135",383,"165,746 ","8,053","2,386","5,461","9,713","6,665","6,674","25,336",0.0,"5,479,790",0.0,2.0,0.0,"46,757"
166,2001.0,"511,113","74,604","161,383","4,044","59,246","263,789","202,870","43,159","1,126,787","7,215","48,172","244,920","133,596","186,331","994,339","66,617","1,530","6,405",81,"3,445",2,661,"256,615","7,513","254,356","12,774","40,192","238,815","468,794","6,514","29,871",663,"22,568","8,150","85,630",763,"1,151","4,321",69,160,"139,781","29,220","10,798",478,"169,144 ","8,862","2,513","6,264","10,321","6,873","5,903","27,223",0.0,"6,031,285",0.0,2.0,0.0,"62,336"
167,2002.0,"452,827","98,086","125,860","22,441","51,918","297,221","200,842","46,589","1,170,961","10,718","52,131","281,686","149,573","183,368","1,027,038","65,516","4,030","7,910",244,"5,440",294,728,"298,380","11,421","264,736","14,501","40,227","243,746","552,140",237,"26,554",484,"34,397","2,288","69,171","6,090","4,137","5,325",70,185,"149,100","30,224","10,925",215,"167,938 ","11,510","3,001","5,433","11,336","7,178","5,700","30,917",0.0,"6,297,658",0.0,2.0,0.0,"60,969"
168,2003.0,"469,583","153,213","120,837","2,524","53,448","286,650","205,052","50,779","1,190,564","30,460","55,690","325,884","155,999","183,261","1,133,991","73,459","1,693","9,155",550,"6,310",87,707,"416,361","15,512","279,747","17,132","47,159","269,710","608,245",242,"29,329",339,"22,692","5,114","85,805","7,935","8,273","6,759",79,144,"157,827","41,404","11,200",522,"161,182 ","13,980","5,343","5,360","12,287","9,072","5,503","34,106",0.0,"6,840,638",0.0,2.0,0.0,"68,512"
169,2004.0,"472,765","165,486","156,691","3,928","64,615","299,763","200,594","51,726","1,304,256","24,351","64,812","318,844","124,471","179,468","1,297,578","82,264",803,"13,488",146,"4,293",471,"1,189","505,125","11,295","318,539","18,750","37,965","266,845","641,477",293,"39,157",412,"22,424","2,968","93,815",8,"4,324","1,622",81,921,"169,504","44,105","13,440",975,"166,543 ","15,898","11,051","6,109","15,177","12,178","6,325","37,891",0.0,"7,348,097",0.0,2.0,0.0,"72,847"
170,2005.0,"544,451","175,473","139,658","2,953","67,568","301,384","185,181","55,569","1,258,954","13,315","51,362","372,021","128,660","180,087","1,315,753","86,739","4,848","13,393",162,"6,718","9,392","4,221","622,702","16,836","331,606","22,149","35,097","280,873","712,919",254,"40,938","1,462","27,104","2,317","111,268",255,"6,821","10,458",68,"1,351","195,041","53,971","15,124","1,690","158,034 ","18,984","6,384","6,467","16,430","16,571","7,269","43,663",0.0,"7,733,516",0.0,2.0,0.0,"76,061"
171,2006.0,"528,685","156,738","89,785","4,127","72,919","320,087","185,749","56,512","1,330,423","16,027","57,178","314,112","163,735","175,351","1,184,626","86,413","22,200","14,444","4,634","18,223","10,544","73,176","369,977","45,582","374,922","27,176","35,894","304,358","782,423",218,"50,923","6,298","33,611","2,246","132,814",899,"1,607","8,772",50,"1,573","244,165","115,507","18,336","1,815","166,243 ","22,194","5,720","7,005","19,561","16,968","7,344","47,470",0.0,"7,824,164",0.0,2.0,0.0,"73,182"
172,2007.0,"526,227","177,148","125,295","3,789","77,041","329,469","186,760","64,191","1,418,522","19,836","72,385","342,598","142,321","185,869","1,178,888","84,538","16,894","15,566","1,200","25,916","12,007","38,004","399,595","58,035","406,096","34,352","42,378","311,784","845,234",354,"60,875","6,203","38,448","2,116","151,325",749,"2,154","1,855",45,"1,219","257,774","148,240","23,357","3,187","166,664 ","31,810","6,772","7,487","23,507","21,743","10,632","60,996",0.0,"8,255,779",0.0,2.0,0.0,"72,633"
173,2008.0,"570,018","184,032","139,881","66,873","63,966","331,220","182,872","64,957","1,366,335","19,255","48,995","356,705","145,653","183,300","1,080,247","86,332","6,568","14,205","17,218","24,087","13,304","36,948","417,515","54,082","425,168","53,093","40,949","319,996","831,788",400,"57,912","3,881","48,001","2,408","162,769","2,933","2,614","1,811",49,"1,451","292,273","164,861","30,327","3,004","171,760 ","28,795","8,123","9,927","24,140","16,407","9,327","61,086",0.0,"8,293,363",0.0,2.0,0.0,"74,481"
174,2009.0,"576,715","144,902","160,308","39,683","62,238","325,891","189,458","66,332","1,411,069","17,596","62,386","360,901","148,520","189,198","1,102,908","89,466","5,432","13,508",95,"13,410","13,304","12,642","471,736","24,453","435,671","62,253","33,344","328,224","926,883","11,336","59,209","3,021","38,578","3,429","140,619","2,476","2,945","2,034",49,"1,067","224,694","172,881","34,837","1,930","180,740 ","23,009","6,875","9,739","20,508","11,338","7,832","55,536",0.0,"8,328,451",0.0,2.0,0.0,"77,223"
175,2010.0,"583,690","150,073","145,662","47,700","74,835","301,159","195,825","67,377","1,421,739","10,843","70,817","363,833","145,167","192,161","1,253,093","92,063","8,230","14,832",88,"17,516","15,285","22,274","546,632","24,689","505,860","64,415","35,059","350,059","938,418","28,765","74,603","2,425","43,974","6,801","134,109","1,690","2,554","1,605",80,"1,702","271,011","286,040","39,984","2,023","193,853 ","24,569","8,528","11,616","23,534","16,000","9,773","59,834",0.0,"9,117,229",0.0,2.0,0.0,"78,566"
176,2011.0,"684,113","230,022","133,718","56,600","83,413","330,916","194,028","67,590","1,598,731","19,784","70,598","382,905","189,539","188,073","1,321,398","97,140","6,718","14,790",174,"52,412","1,896","90,521","511,176","63,026","583,942","67,091","27,287","358,376","1,015,121","6,736","76,865","5,037","45,389","7,569","135,301","2,390","9,128","2,156",104,"1,810","288,620","365,535","48,197","4,400","208,345 ","26,004","6,041","11,536","26,824","17,902","11,985","66,799",0.0,"10,032,115",0.0,2.0,0.0,"81,422"
177,2012.0,"598,962","267,858","125,943","194,400","79,225","334,287","190,240","65,395","1,526,704","17,348","72,048","381,056","200,189","188,318","1,311,300","100,779","6,522","14,579",278,"39,801",387,"54,237","489,955","47,831","555,341","84,698","27,331","376,808","1,166,946",713,"78,558","1,369","44,034","3,685","138,215","3,757","8,798","2,572",93,"2,192","328,485","394,282","50,525","4,207","257,126 ","28,083","5,703","10,779","27,924","16,820","14,906","68,125",0.0,"10,152,119",0.0,2.0,0.0,"84,074"
178,2013.0,"532,186","255,425","152,525","60,700","78,391","335,014","202,792","64,326","1,517,600","16,600","76,137","372,258","205,057","182,812","1,204,000","98,253","5,972","12,783",274,"42,290",643,"36,487","499,303","50,705","571,117","83,002","40,892","372,716","1,096,584",869,"71,284","2,182","53,685","2,964","126,725","5,562","5,603","2,399",75,"1,957","337,390","377,541","50,122","3,878","263,244 ","32,547","6,161","9,872","29,422","16,643","15,493","73,466",0.0,"10,039,933",0.0,2.0,0.0,"82,582"
179,2014.0,"665,867","257,452","232,399","50,521","74,826","347,510","196,576","77,070","1,558,597","16,767","77,860","409,702","155,868","188,101","1,454,681","136,116","4,937","22,424",213,"36,837",352,"34,158","649,233","40,035","585,282","86,143","40,724","384,925","1,074,631",376,"81,229","1,701","54,308","6,246","127,237","7,473","3,025","2,161",210,"2,741","371,595","383,431","52,514","3,542","270,425 ","33,252","8,099","14,641","32,888","17,024","14,242","57,276",0.0,"10,790,212",0.0,2.0,0.0,0
180,2015.0,"744,363","277,950","216,000","71,706","71,570","328,490","193,019","76,013","1,539,717","14,273","84,266","447,891","137,844","187,600","1,483,766","97,508","8,885","28,916",175,"20,219","1,011","50,726","529,872","28,935","605,449","92,083","34,490","413,439","1,103,651",524,"81,791","2,409","55,920","3,012","92,044","8,485","1,828","2,912",133,"2,208","206,724","552,088","63,390","3,449","280,071 ","36,805","10,380","17,155","30,805","18,547","13,260","42,904",0.0,"10,613,771",0.0,2.0,0.0,0
181,2016.0,"790,000","170,339","179,000","77,251","79,784","310,000","191,850","76,978","1,450,000","20,774","117,819","380,000","218,368","184,885","1,450,117","100,784","7,320","30,992",164,"21,292","1,036","50,202","400,000","43,126","602,290","87,394","37,212","415,683","1,115,727","10,845","92,138","2,792","68,148","3,078","92,384","11,282","2,115","2,691",149,"2,036","149,385","638,142","62,935","4,005","268,639 ","37,384","12,224","20,444","29,958","19,000","12,623","28,334",0.0,"10,502,029",0.0,2.0,0.0,0
182,2017.0,"750,000","207,685","152,244","80,000","79,607","328,459","190,000","74,256","1,537,905","15,767","115,980","447,128","216,599","186,201","1,371,327","100,000","8,727","25,000",234,"21,000",750,"47,793","447,237","37,855","600,000","97,948","39,564","418,681","1,300,000","80,458","90,000","2,213","71,949","3,120","95,000","9,869","10,302","2,382",150,"2,412","150,000","749,370","60,853","4,451","283,884","36,185","13,035","17,898","32,142","19,000","13,000","35,000",0.0,"11,060,000",0.0,2.0,0.0,0
183,2018.0,700000,407472,184307,100000,80000,"304,021","184,421","78,453","1,472,067","17,475","114,277","420,115","207,448","177,657","1,398,058","100,000","8,561","24,139",511,"21,000","1,909","38,805","406,800","37,788","600,000","179,895","41,784","421,811","1,151,043","2,783","90,000","3,059","79,763","3,366","95,000","10,000","10,000","2,500",150,"2,666","150,000","687,060","51,984","6,240","266,798","39,747","13,000","15,414","32,000","19,000","13,642","35,000",0.0,"9,808,989",0.0,2.0,0.0,0
184,2019.0,"720,000",0,"290,000",0,0,"310,000",0,0,"1,460,000",0,0,"420,000","210,000",0,"1,350,000",0,0,0,0,0,0,0,"450,000",0,0,0,0,"420,000","1,230,000",0,0,0,0,0,0,0,0,0,0,0,0,"610,000",0,0,"280,000",0,0,0,0,0,0,0,0.0,"10,580,000",0.0,0.0,0.0,0
185,0.0,0,0,0,0,0,0,0,0,0,0,0,0,0,0,0,0,0,0,0,0,0,0,0,0,0,0,0,0,0,0,0,0,0,0,0,0,0,0,0,0,0,0,0,0,0,0,0,0,0,0,0,0,0.0,0,0.0,0.0,0.0,0
186,0.0,0,0,0,0,0,0,0,0,0,0,0,0,0,0,0,0,0,0,0,0,0,0,0,0,0,0,0,0,0,0,0,0,0,0,0,0,0,0,0,0,0,0,0,0,0,0,0,0,0,0,0,0,0.0,0,0.0,0.0,0.0,0
187,0.0,0,0,0,0,0,0,0,0,0,0,0,0,0,0,0,0,0,0,0,0,0,0,0,0,0,0,0,0,0,0,0,0,0,0,0,0,0,0,0,0,0,0,0,0,0,0,0,0,0,0,0,0,0.0,0,0.0,0.0,0.0,0
188,0.0,0,0,0,0,0,0,0,0,0,0,0,0,0,0,0,0,0,0,0,0,0,0,0,0,0,0,0,0,0,0,0,0,0,0,0,0,0,0,0,0,0,0,0,0,0,0,0,0,0,0,0,0,0.0,0,0.0,0.0,0.0,0
189,0.0,0,0,0,0,0,0,0,0,0,0,0,0,0,0,0,0,0,0,0,0,0,0,0,0,0,0,0,0,0,0,0,0,0,0,0,0,0,0,0,0,0,0,0,0,0,0,0,0,0,0,0,0,0.0,0,0.0,0.0,0.0,0
190,0.0,0,0,0,0,0,0,0,0,0,0,0,0,0,0,0,0,0,0,0,0,0,0,0,0,0,0,0,0,0,0,0,0,0,0,0,0,0,0,0,0,0,0,0,0,0,0,0,0,0,0,0,0,0.0,0,0.0,0.0,0.0,0
191,0.0,0,0,0,0,0,0,0,0,0,0,0,0,0,0,0,0,0,0,0,0,0,0,0,0,0,0,0,0,0,0,0,0,0,0,0,0,0,0,0,0,0,0,0,0,0,0,0,0,0,0,0,0,0.0,0,0.0,0.0,0.0,0
192,0.0,0,0,0,0,0,0,0,0,0,0,0,0,0,0,0,0,0,0,0,0,0,0,0,0,0,0,0,0,0,0,0,0,0,0,0,0,0,0,0,0,0,0,0,0,0,0,0,0,0,0,0,0,0.0,0,0.0,0.0,0.0,0
193,0.0,0,0,0,0,0,0,0,0,0,0,0,0,0,0,0,0,0,0,0,0,0,0,0,0,0,0,0,0,0,0,0,0,0,0,0,0,0,0,0,0,0,0,0,0,0,0,0,0,0,0,0,0,0.0,0,0.0,0.0,0.0,0
194,0.0,0,0,0,0,0,0,0,0,0,0,0,0,0,0,0,0,0,0,0,0,0,0,0,0,0,0,0,0,0,0,0,0,0,0,0,0,0,0,0,0,0,0,0,0,0,0,0,0,0,0,0,0,0.0,0,0.0,0.0,0.0,0
195,0.0,0,0,0,0,0,0,0,0,0,0,0,0,0,0,0,0,0,0,0,0,0,0,0,0,0,0,0,0,0,0,0,0,0,0,0,0,0,0,0,0,0,0,0,0,0,0,0,0,0,0,0,0,0.0,0,0.0,0.0,0.0,0
