Country,1835.0,1836.0,1837.0,1838.0,1839.0,1840.0,1841.0,1842.0,1843.0,1844.0,1845.0,1846.0,1847.0,1848.0,1849.0,1850.0,1851.0,1852.0,1853.0,1854.0,1855.0,1856.0,1857.0,1858.0,1859.0,1860.0,1861.0,1862.0,1863.0,1864.0,1865.0,1866.0,1867.0,1868.0,1869.0,1870.0,1871.0,1872.0,1873.0,1874.0,1875.0,1876.0,1877.0,1878.0,1879.0,1880.0,1881.0,1882.0,1883.0,1884.0,1885.0,1886.0,1887.0,1888.0,1889.0,1890.0,1891.0,1892.0,1893.0,1894.0,1895.0,1896.0,1897.0,1898.0,1899.0,1900.0,1901.0,1902.0,1903.0,1904.0,1905.0,1906.0,1907.0,1908.0,1909.0,1910.0,1911.0,1912.0,1913.0,1914.0,1915.0,1916.0,1917.0,1918.0,1919.0,1920.0,1921.0,1922.0,1923.0,1924.0,1925.0,1926.0,1927.0,1928.0,1929.0,1930.0,1931.0,1932.0,1933.0,1934.0,1935.0,1936.0,1937.0,1938.0,1939.0,1940.0,1941.0,1942.0,1943.0,1944.0,1945.0,1946.0,1947.0,1948.0,1949.0,1950.0,1951.0,1952.0,1953.0,1954.0,1955.0,1956.0,1957.0,1958.0,1959.0,1960.0,1961.0,1962.0,1963.0,1964.0,1965.0,1966.0,1967.0,1968.0,1969.0,1970.0,1971.0,1972.0,1973.0,1974.0,1975.0,1976.0,1977.0,1978.0,1979.0,1980.0,1981.0,1982.0,1983.0,1984.0,1985.0,1986.0,1987.0,1988.0,1989.0,1990.0,1991.0,1992.0,1993.0,1994.0,1995.0,1996.0,1997.0,1998.0,1999.0,2000.0,2001.0,2002.0,2003.0,2004.0,2005.0,2006.0,2007.0,2008.0,2009.0,2010.0,2011.0,2012.0,2013.0,2014.0,2015.0,2016.0,2017.0,2018.0,2019.0,0.0,0.0,0.0,0.0,0.0,0.0,0.0,0.0,0.0,0.0,0.0
France,216,282,278,292,366,262,393,413,443,340,361,430,386,231,215,320,332,348,448,"15,498","41,710","34,248","62,844","11,466","12,873","18,331","25,174","12,131","10,288","12,010","9,962","8,189","20,394","39,502","37,817","12,661","14,776","51,844","64,380","68,063","29,183","67,640","70,736","160,291","293,811","722,057","783,881","753,714","897,979","812,987","818,367","1,104,209","1,228,229","1,206,927","1,047,018","1,083,045","1,228,066","939,734","590,531","449,634","633,652","881,443","753,057","860,344","846,583","521,655","370,809","444,692","618,931","668,607","517,486","576,454","592,336","689,344","618,279","800,303","923,130","924,965","760,955","686,994","840,319","848,499","1,044,248","592,231","610,360","538,960","540,126","796,124","810,944","910,294","855,220","1,054,336","1,048,209","1,197,671","1,202,800","1,282,859","1,560,040","1,360,057","1,718,779","1,246,739","1,235,181","1,208,012","1,224,464","1,607,835","1,477,740","955,220","1,015,120","459,580",250,490,"75,860","928,200","646,300","989,400","1,030,300","1,203,400","1,009,900","1,175,800","1,182,500","1,526,400","1,867,700","1,453,900","1,847,600","1,993,100","1,546,000","1,671,100","1,493,984","1,680,935","975,671","1,148,415","911,272","995,435","488,035","398,979","611,565","1,016,975","516,766","853,433","867,019","577,682","919,025","698,131","639,804","745,824","848,602","667,092","777,707","752,694","538,151","578,313","685,876","403,759","416,406","553,131","569,267","450,408","541,403","583,215","576,479","681,295","600,029","499,083","541,777","546,916","561,027","435,013","511,113","452,827","469,583","472,765","544,451","528,685","526,227","570,018","576,715","583,690","684,113","598,962","532,186","665,867","744,363","790,000","750,000",700000,"720,000",0,0,0,0,0,0,0,0,0,0,0
Italy,0,0,0,0,0,0,0,0,0,0,0,0,0,0,0,0,0,0,0,0,0,0,0,0,0,0,0,"16,120","18,577","28,062","22,069","20,394","16,843","9,962","12,077","7,482","5,813","4,240","15,264","11,429","5,420","7,244","10,029","4,201","2,918","3,084","3,705","5,996","4,585","11,506","31,507","25,585","13,522","3,857","1,540","1,619","1,017",930,"2,389","5,684","10,565","12,301","20,715","7,853","14,163","12,665","18,512","13,492","12,428","6,766","2,641","3,204","4,199","1,742","1,569","1,617","2,599","4,860","3,314","1,559",592,"1,872",470,261,578,"1,155",642,"1,232",724,"2,437","1,526","1,254","2,545","1,753","2,540","2,970","2,882","2,063","2,156","3,266","5,349","2,197","2,035","1,962",863,487,657,230,164,0,0,87,118,58,"5,324","3,961","5,889","4,966","5,013","5,185","5,137","6,024","6,044","4,744","4,356","4,567","4,937","5,750","7,580","8,313","7,198","10,128","11,092","13,400","21,550","18,000","33,800","28,800","112,000","47,000","20,000","21,100","23,500","23,200","22,500","19,500","17,700","14,400","17,100","14,600","68,900","59,600","57,000","37,200","87,600","73,100","78,400","72,300","45,800","31,400","29,700","34,900","70,400","107,200","53,600","64,973","74,604","98,086","153,213","165,486","175,473","156,738","177,148","184,032","144,902","150,073","230,022","267,858","255,425","257,452","277,950","170,339","207,685",407472,0,0,0,0,0,0,0,0,0,0,0,0
Portugal,0,0,0,0,0,0,0,0,0,0,0,0,0,0,0,0,0,0,0,0,0,0,0,0,0,0,0,0,0,0,0,63,61,54,61,51,62,100,76,85,83,89,72,114,273,127,106,105,0,0,66,88,81,95,124,83,73,49,24,28,26,25,27,25,22,27,33,30,38,38,44,39,41,33,37,37,34,34,37,27,19,26,30,21,36,25,0,0,0,32,117,106,53,32,65,65,42,28,30,30,230,30,40,40,40,30,30,20,30,20,20,100,100,100,100,100,100,100,100,100,100,100,100,100,100,100,93,65,81,98,105,115,106,116,103,154,167,186,246,166,42,21,55,36,60,62,78,84,40,60,30,256,296,642,"181,461","21,111","2,632","2,291","20,414","135,360","75,582","51,158","41,627","147,905","217,562","188,635","161,383","125,860","120,837","156,691","139,658","89,785","125,295","139,881","160,308","145,662","133,718","125,943","152,525","232,399","216,000","179,000","152,244",184307,"290,000",0,0,0,0,0,0,0,0,0,0,0
Spain,0,0,0,0,0,0,0,0,0,0,0,0,0,0,92,75,70,40,53,32,82,232,"9,871","1,949",269,"1,432","1,592",893,"8,976","15,256","10,273","2,343","4,987","1,046","4,721",205,274,290,197,234,324,353,334,473,533,666,688,878,"2,286",923,"2,218","3,251","1,889","2,195","2,390","1,710","1,418",927,214,249,263,244,223,138,225,235,290,308,256,239,254,284,257,241,255,281,307,314,292,220,241,298,380,342,365,577,203,190,309,283,285,358,367,223,249,98,38,44,98,60,26,0,0,0,0,3,1,3,1,1,2,12,10,1,27,25,19,26,130,47,36,51,60,81,32,67,92,80,102,141,252,297,405,454,555,552,461,"16,089","83,154",574,713,990,"1,051","2,158",844,741,"1,244","1,490","2,149","1,804","4,068","4,990","7,146","6,778","4,504","4,271","14,134","7,778",560,"50,649","139,265","113,700","14,702","89,658","11,518","12,037","4,044","22,441","2,524","3,928","2,953","4,127","3,789","66,873","39,683","47,700","56,600","194,400","60,700","50,521","71,706","77,251","80,000",100000,0,0,0,0,0,0,0,0,0,0,0,0
Austria,0,0,0,0,0,0,0,"22,510",0,"21,544",0,0,0,0,0,0,0,0,0,0,0,0,0,0,0,"5,206","5,206","8,813","7,988","6,194","6,243","10,688","3,443","4,059","4,091","5,875","14,041","19,396","12,871","9,113","10,620","9,116","9,236","8,545","10,658","2,986","3,020","3,941","4,187","3,919","3,034","2,468","2,178","2,571","2,342","4,009","5,136","53,026","122,214","91,411","81,293","88,858","144,059","142,000","140,000","138,000","136,000","134,000","132,000","130,000","128,000","126,000","124,000","122,000","120,000","118,000","116,000","114,000","112,000","110,000","108,000","106,000","104,000","102,000","100,000","101,323","89,013","91,291","13,385","37,923","31,057","32,735","42,888","48,210","42,457","37,285","28,206","17,090","6,540","4,860","6,450","6,690","5,900","6,550",0,0,0,0,0,0,0,100,"1,100","4,000","4,300","5,200","3,500","5,700","7,800","9,000","8,900","16,900","37,200","17,100","14,700","43,600","50,679","28,839","51,982","26,858","24,237","45,820","46,698","34,548","24,097","22,758","25,585","45,567","54,462","49,814","86,430","39,975","26,444","23,253","21,108","22,379","29,911","33,337","20,262","19,606","24,780","25,320","36,710","35,721","25,166","24,337","22,432","21,488","19,729","17,761","26,239","29,864","59,569","60,542","52,441","48,737","59,246","51,918","53,448","64,615","67,568","72,919","77,041","63,966","62,238","74,835","83,413","79,225","78,391","74,826","71,570","79,784","79,607",80000,0,0,0,0,0,0,0,0,0,0,0,0
Bel-Lux,0,0,0,0,0,0,0,0,0,0,0,0,0,0,0,0,0,0,0,0,0,0,0,0,0,0,0,0,0,0,0,0,0,0,0,0,0,0,0,0,0,0,0,0,0,0,"19,800","19,800","19,800","19,800","19,800","18,300","19,200","20,200","20,400","21,500","25,000","23,800","21,100","24,700","26,400","30,600","25,800","26,100","28,200","33,449","21,968","23,582","27,496","25,611","30,625","35,440","32,188","25,741","33,775","47,252","19,954","29,616","35,340","17,388","11,354","4,482","5,013","1,731","50,368","47,543","45,200","50,940","54,710","65,460","50,085","63,512","43,285","41,580","44,893","40,973","35,020","28,671","27,430","25,280","32,480","33,840","40,990","39,440","30,200","15,470","19,240","10,440","17,910","6,820","13,970","40,600","31,600","39,200","43,700","46,700","47,500","49,800","48,300","54,300","56,000","61,300","66,000","58,700","61,300","68,900","70,941","67,292","74,820","80,094","96,555","88,054","93,792","103,601","114,552","128,193","121,444","135,418","135,483","135,310","148,207","134,148","160,184","159,562","182,006","182,505","187,115","188,175","199,001","191,380","201,156","187,552","209,286","201,732","199,541","215,544","211,782","223,058","229,363","222,068","229,924","218,009","228,273","252,044","241,924","274,775","263,789","297,221","286,650","299,763","301,384","320,087","329,469","331,220","325,891","301,159","330,916","334,287","335,014","347,510","328,490","310,000","328,459","304,021","310,000",0,0,0,0,0,0,0,0,0,0,0
Denmark,0,0,0,0,0,0,0,0,0,0,0,0,0,0,0,0,0,0,0,0,0,0,0,0,0,0,0,0,0,0,0,0,0,0,0,0,0,0,0,0,0,0,0,0,0,0,"3,362","3,392","3,419","3,456","3,498","3,541","3,579","3,611","3,642","3,670","3,698","3,723","3,750","3,800","3,700","4,000",400,"4,200","4,400","4,400","4,100","4,200","4,000","3,900","3,800","3,800","4,100","6,400","2,600","3,600","3,800","3,800","3,820","2,734","3,977","5,946",280,"7,409","3,800","3,900","3,240","5,230","5,070","4,230","4,665","5,225","4,446","4,594","5,403","6,217","5,721","3,621","3,970","4,800","5,610","5,090","5,760","6,010","6,680","5,310","1,450","1,450",920,460,510,"2,900","2,500","3,900","7,600","5,800","7,800","6,000","8,900","10,300","9,700","9,200","10,000","10,800","11,300","12,400","12,403","13,042","12,454","14,686","16,989","17,942","18,404","18,522","22,010","26,859","28,885","32,444","52,840","38,225","50,798","59,558","56,555","58,629","64,801","65,177","75,115","83,761","88,866","93,231","102,114","99,358","103,781","108,466","101,857","110,862","117,953","126,617","115,531","121,970","129,763","147,334","168,261","169,889","167,663","179,398","202,870","200,842","205,052","200,594","185,181","185,749","186,760","182,872","189,458","195,825","194,028","190,240","202,792","196,576","193,019","191,850","190,000","184,421",0,0,0,0,0,0,0,0,0,0,0,0
Finland,0,0,0,0,0,0,0,0,0,0,0,0,0,0,0,0,0,0,0,0,0,0,0,0,0,0,0,0,0,0,0,0,0,0,0,0,0,0,0,0,0,0,0,0,0,0,0,0,0,0,0,0,0,0,0,0,0,0,0,0,0,0,0,0,0,0,0,0,0,0,0,0,0,0,29,29,29,29,29,0,0,0,0,0,0,0,0,0,0,0,104,258,289,226,105,108,102,"1,184",510,650,900,"1,040","1,690","1,780","1,210","1,090",490,"1,110","1,570",710,730,200,300,500,800,"1,100","3,000","3,600","3,500","4,800",900,"6,200","5,700","2,400","2,200","2,900","3,350","3,758","4,621","4,933","5,571","5,765","6,811","7,946","7,196","9,648","9,211","11,137","13,560","14,686","13,051","11,744","10,800","10,386","10,822","11,603","9,596","9,895","12,375","12,119","10,745","14,388","14,741","15,637","17,659","21,141","25,200","26,991","27,714","28,146","28,232","26,406","30,624","34,922","34,687","40,214","43,159","46,589","50,779","51,726","55,569","56,512","64,191","64,957","66,332","67,377","67,590","65,395","64,326","77,070","76,013","76,978","74,256","78,453",0,0,0,0,0,0,0,0,0,0,0,0
Germany,0,0,0,0,0,0,0,0,0,0,"12,958","15,109","12,519","9,061","11,040","11,610","10,733","11,854","12,546","12,244","13,634","13,830","13,093","14,093","12,040","10,525","12,087","12,088","13,343","11,832","16,983","19,705","21,374","21,945","27,745","41,503","32,797","47,251","81,087","64,668","69,038","64,719","59,111","56,397","106,332","47,420","48,550","54,728","56,158","58,436","57,417","55,859","57,870","67,383","74,556","73,713","72,875","84,858","78,227","73,099","70,139","66,798","70,102","71,297","75,049","80,296","79,830","75,979","74,824","70,592","80,641","55,224","90,961","98,071","88,518","137,417","139,526","132,534","130,398",0,0,0,0,0,0,"87,144","74,900","47,331","29,047","74,789","132,571","69,546","135,986","137,064","115,381","83,037","68,725","70,619","70,319","91,586","89,985","94,070","106,570","126,700","173,960","177,200","300,700","288,620","283,288","146,210",0,"1,500",400,"2,000","11,000","86,384","118,576","131,700","162,300","200,900","265,900","375,900","325,000","363,200","380,100","485,100","399,787","453,820","501,288","456,475","469,719","585,460","520,198","580,259","635,026","687,621","721,636","851,205","840,258","762,174","825,630","899,147","950,715","868,678","973,277","1,039,170","1,157,896","1,126,645","1,139,657","1,076,210","1,102,646","1,031,513","1,084,309","1,090,144","1,060,363","1,008,437","1,072,879","995,642","929,958","1,012,463","877,082","1,071,914","985,461","1,163,110","1,185,386","992,225","1,126,787","1,170,961","1,190,564","1,304,256","1,258,954","1,330,423","1,418,522","1,366,335","1,411,069","1,421,739","1,598,731","1,526,704","1,517,600","1,558,597","1,539,717","1,450,000","1,537,905","1,472,067","1,460,000",0,0,0,0,0,0,0,0,0,0,0
Greece,0,0,0,0,0,0,0,0,0,0,0,0,0,0,0,0,0,0,0,0,0,0,0,0,0,0,0,0,0,0,0,0,0,0,0,0,0,0,0,0,0,0,0,0,0,0,0,0,0,0,0,0,0,0,0,0,0,0,0,0,0,0,0,0,0,0,0,0,0,0,0,0,0,0,985,985,985,985,985,0,0,0,0,0,0,0,0,0,0,0,125,94,238,225,195,86,101,39,10,20,10,20,20,50,40,20,0,10,10,0,0,0,10,200,200,200,300,300,300,100,0,0,0,0,100,0,52,50,70,70,61,87,99,86,98,"1,830","2,138","1,203","38,893","25,779",613,230,274,422,280,270,250,320,352,468,700,496,929,"1,395","3,787","5,428","7,655","5,424","4,959","4,222","3,967","3,957","4,025","4,664","6,984","6,287","7,215","10,718","30,460","24,351","13,315","16,027","19,836","19,255","17,596","10,843","19,784","17,348","16,600","16,767","14,273","20,774","15,767","17,475",0,0,0,0,0,0,0,0,0,0,0,0
Ireland,0,0,0,0,0,0,0,0,0,0,0,0,0,0,0,0,0,0,0,0,0,0,0,0,0,0,0,0,0,0,0,0,0,0,0,0,0,0,0,0,0,0,0,0,0,0,0,0,0,0,0,0,0,0,0,0,0,0,0,0,0,0,0,0,0,0,0,0,0,0,0,0,0,0,0,0,0,0,0,0,0,0,0,0,0,0,0,0,0,0,"3,885","3,241","2,586","2,616","2,490","2,631","2,576","2,009","1,980","1,920","2,150","2,190","2,430","2,190","2,610","2,290","3,010","3,370","2,640",40,"2,100","3,300","2,800","2,500","1,800","2,400","2,800","2,200","1,900","2,300","2,600","2,700","2,600","2,500","1,800","2,700","3,170","3,270","3,610","3,980","4,380","3,910","5,022","4,700","4,713","4,879","5,101","5,983","7,896","5,862","6,289","7,598","8,364","9,174","10,803","10,459","11,537","9,909","10,037","11,938","12,021","13,174","13,110","7,535","13,830","14,605","15,079","12,949","14,521","18,350","16,156","26,597","29,224","31,625","41,310","43,507","48,172","52,131","55,690","64,812","51,362","57,178","72,385","48,995","62,386","70,817","70,598","72,048","76,137","77,860","84,266","117,819","115,980","114,277",0,0,0,0,0,0,0,0,0,0,0,0
Netherlands,0,0,0,0,0,0,0,0,0,0,0,0,0,0,0,0,0,0,0,0,0,0,0,0,0,0,0,0,0,0,0,0,0,0,0,0,0,0,0,0,0,0,0,0,0,0,"9,400","9,400","9,400","9,400","9,400","8,900","10,000","8,800","9,000","9,300","9,200","9,200","9,300","9,100","9,100","9,300","9,000","9,200","9,200","9,063","9,263","9,263","9,163","8,963","11,180","10,500","10,270","9,450","9,950","12,290","10,510","12,230","12,020","9,600","8,050","11,560","3,550","2,540","20,120","11,850","12,560","14,690","10,010","12,530","14,874","16,081","14,252","14,286","14,715","14,100","11,973","9,461","7,760","8,010","9,180","9,680","11,170","10,490","11,710","8,950","4,360","2,180","1,960",0,0,"5,100","7,400","10,700","5,500","5,400","6,500","5,900","7,000","10,100","12,500","16,300","17,000","16,600","18,700","22,600","27,257","26,890","27,486","30,730","36,398","38,380","60,453","82,015","105,270","115,592","90,190","108,907","113,703","129,757","133,063","142,018","155,048","160,426","158,995","173,088","176,767","195,383","194,189","215,093","214,825","213,436","208,738","210,312","211,965","208,848","224,589","243,249","191,510","232,247","188,308","211,002","189,470","199,896","277,200","201,365","244,920","281,686","325,884","318,844","372,021","314,112","342,598","356,705","360,901","363,833","382,905","381,056","372,258","409,702","447,891","380,000","447,128","420,115","420,000",0,0,0,0,0,0,0,0,0,0,0
Sweden,0,0,0,0,0,0,0,0,0,0,0,0,0,0,0,0,0,0,0,0,0,0,0,0,0,0,0,0,0,0,0,0,0,0,0,0,0,0,0,0,0,0,0,0,0,0,0,0,0,0,0,0,0,0,0,0,0,0,0,0,0,0,0,0,0,"2,940","2,940","2,940","2,940","2,940","2,940","2,940","2,940","2,940","2,940","2,940","2,940","3,050","3,220","3,070","3,070","3,070","3,070","3,070","3,070","4,500","2,860","1,950","2,440","3,520","3,652","4,204","5,119","5,234","5,852","6,500","6,707","4,384","3,060","4,050","4,550","4,880","5,580","6,550",69,27,21,"3,300","4,890","3,840","6,390","7,900","7,600","10,100","7,000","7,700","8,800","11,400","12,600","15,200","17,900","14,400","20,900","21,400","24,300","26,600","27,483","29,498","28,416","33,571","32,046","31,723","37,099","43,346","43,271","49,234","53,082","65,583","50,938","59,729","68,217","65,976","80,932","71,111","77,496","76,678","73,800","80,536","88,669","90,807","91,399","94,872","97,151","102,396","112,350","106,779","100,993","103,730","102,674","135,967","87,376","114,387","106,027","112,107","121,445","119,168","133,596","149,573","155,999","124,471","128,660","163,735","142,321","145,653","148,520","145,167","189,539","200,189","205,057","155,868","137,844","218,368","216,599","207,448","210,000",0,0,0,0,0,0,0,0,0,0,0
Switzerland,0,0,0,0,0,0,0,0,0,0,0,0,0,0,0,0,0,0,0,0,0,0,0,0,0,0,0,0,0,0,0,0,0,0,0,0,0,0,0,0,0,0,0,0,0,0,"125,956","124,656","123,426","122,196","120,999","119,802","118,604","114,074","111,877","109,980","107,960","107,550","107,210","111,010","116,731","90,187","122,083","141,817","128,523","25,952","131,200","147,764","196,952","110,893","206,300","63,550","128,520","142,330","154,830","168,360","136,090","144,650","168,170","125,430","105,180","80,050","114,450","94,530","137,530","144,910","134,680","114,000","107,770","140,680","145,495","145,497","120,569","123,844","116,958","116,424","115,689","119,919","137,790","114,390","86,870","81,270","92,820","95,740","99,440","97,650","109,730","104,850","98,660","54,610","80,350","129,200","85,800","92,300","83,000","95,100","98,900","97,500","96,400","104,200","106,100","113,800","136,300","139,400","117,300","124,000","128,117","140,318","152,648","144,762","155,068","158,362","164,528","168,537","178,666","189,270","196,163","210,063","241,456","229,244","215,340","203,514","203,853","207,258","214,226","232,731","270,616","264,297","221,267","226,121","233,540","212,372","217,107","192,745","195,297","182,840","179,271","171,316","175,664","174,635","187,372","184,773","184,624","187,653","188,553","180,859","186,331","183,368","183,261","179,468","180,087","175,351","185,869","183,300","189,198","192,161","188,073","188,318","182,812","188,101","187,600","184,885","186,201","177,657",0,0,0,0,0,0,0,0,0,0,0,0
United Kingdom,"41,094","42,761","36,521","38,726","45,047","42,329","35,043","32,805","30,945","39,026","38,504","35,056","36,069","34,489","36,232","42,298","40,953","30,883","50,141","49,442","40,673","43,105","46,992","26,329","37,257","56,712","50,245","54,374","64,487","70,246","64,871","69,650","70,067","77,071","78,121","80,805","82,851","89,376","98,569","82,897","83,781","90,697","88,961","74,794","68,931","79,036","74,087","71,445","70,736","68,669","66,508","66,158","69,935","67,032","72,286","73,619","76,295","78,735","66,714","65,318","72,120","75,898","79,826","82,464","79,046","76,392","75,221","74,694","66,876","56,131","57,876","59,569","59,912","53,995","56,074","62,430","57,146","55,422","56,067","52,177","50,711","58,916","47,157","59,807","114,800","90,812","57,696","55,823","60,179","80,242","80,769","81,912","84,220","62,026","69,629","62,910","66,849","56,457","66,380","66,050","73,130","79,280","81,760","72,400","78,500","68,910","11,690","4,110","4,940","5,830","17,230","38,500","50,100","52,900","39,800","42,500","53,300","41,500","47,400","54,600","61,800","65,300","73,400","69,800","80,600","95,900","100,307","93,560","108,129","122,891","122,055","123,922","142,389","165,649","169,378","158,435","196,672","234,214","320,388","296,740","266,418","273,501","318,043","328,451","410,266","351,692","409,662","405,034","445,290","509,610","537,620","558,427","605,406","614,377","626,934","639,508","619,795","638,850","653,560","741,796","639,415","701,246","841,948","857,286","896,301","887,803","994,339","1,027,038","1,133,991","1,297,578","1,315,753","1,184,626","1,178,888","1,080,247","1,102,908","1,253,093","1,321,398","1,311,300","1,204,000","1,454,681","1,483,766","1,450,117","1,371,327","1,398,058","1,350,000",0,0,0,0,0,0,0,0,0,0,0
Other WEM,0,0,0,0,0,0,0,0,0,0,0,0,0,0,0,0,0,0,0,0,0,0,0,0,0,0,0,0,0,0,0,0,0,0,0,0,0,0,0,0,0,0,0,0,0,0,0,0,0,0,0,0,0,0,0,0,0,0,0,0,0,0,0,0,0,0,0,0,0,0,0,0,0,0,1,1,1,1,1,0,0,0,0,0,0,0,0,0,0,0,"8,788","11,415","10,666","9,457","15,224","14,380","14,633","12,616","13,360","12,230","13,320","13,530","11,360","11,440","16,061","9,302","11,362","3,848",557,"6,749","6,798","9,888","14,992","26,941","23,848","26,613","26,981","18,274","3,470","6,253","5,100","5,200","6,300","5,800","4,900","5,200","4,624","5,038","4,635","4,512","5,215","5,988","5,654","8,352","8,562","8,791","10,945","11,031","12,310","12,646","13,983","14,555","15,049","12,470","17,577","17,321","19,961","13,191","19,555","20,689","22,919","23,852","26,044","29,109","28,095","30,051","30,493","29,208","29,141","32,465","34,339","39,521","44,937","46,657","52,211","50,705","66,617","65,516","73,459","82,264","86,739","86,413","84,538","86,332","89,466","92,063","97,140","100,779","98,253","136,116","97,508","100,784","100,000","100,000",0,0,0,0,0,0,0,0,0,0,0,0
Bulgaria,0,0,0,0,0,0,0,0,0,0,0,0,0,0,0,0,0,0,0,0,0,0,0,0,0,0,0,0,0,0,0,0,0,0,0,0,0,0,0,0,0,0,0,0,0,0,0,0,0,0,0,0,0,0,0,0,0,0,0,0,0,0,0,0,0,0,0,0,0,0,0,0,0,0,319,319,319,319,319,0,0,0,0,0,0,0,0,0,0,0,0,1,4,1,1,0,0,1,0,0,0,0,0,0,0,0,30,0,0,0,0,0,0,0,0,0,0,0,0,0,0,0,0,0,0,0,0,0,"4,333",5,"3,014",38,"2,057","25,550","10,042","6,557","7,085","15,048","15,198","13,885","28,454","21,722","32,584","15,385","5,935","8,582","18,895","18,754","10,224","6,498","1,650",124,55,"5,345","3,866","6,253","2,175","9,204","11,589","15,447","39,600","23,128","11,745","22,548","13,162","5,530","1,530","4,030","1,693",803,"4,848","22,200","16,894","6,568","5,432","8,230","6,718","6,522","5,972","4,937","8,885","7,320","8,727","8,561",0,0,0,0,0,0,0,0,0,0,0,0
Croatia,0,0,0,0,0,0,0,0,0,0,0,0,0,0,0,0,0,0,0,0,0,0,0,0,0,0,0,0,0,0,0,0,0,0,0,0,0,0,0,0,0,0,0,0,0,0,0,0,0,0,0,0,0,0,0,0,0,0,0,0,0,0,0,0,0,0,0,0,0,0,0,0,0,0,0,0,0,0,0,0,0,0,0,0,0,0,0,0,0,0,0,0,0,0,0,0,0,0,0,0,0,0,0,0,0,0,0,0,0,0,0,0,0,0,0,0,0,0,0,0,0,0,0,0,0,0,0,0,0,0,0,0,0,0,0,0,0,0,0,0,0,0,0,0,0,0,0,0,0,0,0,0,0,0,0,0,0,"24,442","18,702","6,562","3,364","7,263","4,742",572,"5,322","2,644","6,405","7,910","9,155","13,488","13,393","14,444","15,566","14,205","13,508","14,832","14,790","14,579","12,783","22,424","28,916","30,992","25,000","24,139",0,0,0,0,0,0,0,0,0,0,0,0
Georgia,0,0,0,0,0,0,0,0,0,0,0,0,0,0,0,0,0,0,0,0,0,0,0,0,0,0,0,0,0,0,0,0,0,0,0,0,0,0,0,0,0,0,0,0,0,0,0,0,0,0,0,0,0,0,0,0,0,0,0,0,0,0,0,0,0,0,0,0,0,0,0,0,0,0,0,0,0,0,0,0,0,0,0,0,0,0,0,0,0,0,0,0,0,0,0,0,0,0,0,0,0,0,0,0,0,0,0,0,0,0,0,0,0,0,0,0,0,0,0,0,0,0,0,0,0,0,0,0,0,0,0,0,0,0,0,0,0,0,0,0,0,0,0,0,0,0,0,0,0,0,0,0,0,0,0,0,0,200,"1,700",82,"1,246","1,014",619,"1,299",227,224,81,244,550,146,162,"4,634","1,200","17,218",95,88,174,278,274,213,175,164,234,511,0,0,0,0,0,0,0,0,0,0,0,0
Hungary,0,0,0,0,0,0,0,0,0,0,0,0,0,0,0,0,0,0,0,0,0,0,0,0,0,0,0,0,0,0,0,0,0,0,0,0,0,0,0,0,0,0,0,0,0,0,0,0,0,0,0,0,0,0,0,0,0,0,0,0,0,0,0,0,0,0,0,0,0,0,0,0,0,0,"34,063","34,063","34,063","34,063","34,063",0,0,0,0,0,0,0,0,0,0,0,386,270,289,179,135,86,66,24,20,20,20,30,30,30,30,30,70,80,60,0,10,0,0,0,0,0,100,600,"1,100","9,000","9,300","1,000","1,400","10,700",100,"13,500","29,135","8,043","9,989","5,327",509,"33,178","64,538","21,622","9,309","9,114","33,545","28,145","21,270","9,742","23,858","29,669","34,439","20,382","20,038","14,148","40,314","60,033","23,999","23,734","73,645","97,460","41,926","31,979","11,461","20,875","7,745","8,607","9,771","7,275","3,342","5,172","3,747","2,473","2,109","2,385","3,445","5,440","6,310","4,293","6,718","18,223","25,916","24,087","13,410","17,516","52,412","39,801","42,290","36,837","20,219","21,292","21,000","21,000",0,0,0,0,0,0,0,0,0,0,0,0
Moldova,0,0,0,0,0,0,0,0,0,0,0,0,0,0,0,0,0,0,0,0,0,0,0,0,0,0,0,0,0,0,0,0,0,0,0,0,0,0,0,0,0,0,0,0,0,0,0,0,0,0,0,0,0,0,0,0,0,0,0,0,0,0,0,0,0,0,0,0,0,0,0,0,0,0,0,0,0,0,0,0,0,0,0,0,0,0,0,0,0,0,0,0,0,0,0,0,0,0,0,0,0,0,0,0,0,0,0,0,0,0,0,0,0,0,0,0,0,0,0,0,0,0,0,0,0,0,0,0,0,0,0,0,0,0,0,0,0,0,0,0,0,0,0,0,0,0,0,0,0,0,0,0,0,0,0,0,0,0,0,0,0,0,0,0,0,0,2,294,87,471,"9,392","10,544","12,007","13,304","13,304","15,285","1,896",387,643,352,"1,011","1,036",750,"1,909",0,0,0,0,0,0,0,0,0,0,0,0
Romania,0,0,0,0,0,0,0,0,0,0,0,0,0,0,0,0,0,0,0,0,0,0,0,0,0,0,0,0,0,0,0,0,0,0,0,0,0,0,0,0,0,0,0,0,0,0,0,0,0,0,0,0,0,0,0,0,0,0,0,0,0,0,0,0,0,0,0,0,0,0,0,0,0,0,932,932,932,932,932,0,0,0,0,0,0,0,0,0,0,0,38,2,112,86,60,36,15,6,10,20,20,10,20,10,10,10,0,130,0,0,0,0,0,0,0,0,668,"1,336","2,004","2,672","4,800",700,100,0,0,0,"1,930","3,320","1,520","2,460","1,120","6,330","3,820","5,010","1,210",890,900,"1,000","3,000","3,300","1,372","3,400","23,000","15,000","5,200","6,700","7,600","3,000","2,200","2,300","2,600",0,0,0,0,"25,000","21,568","25,000","31,745","3,847","13,946","5,138",774,"7,112","7,690","1,277",661,728,707,"1,189","4,221","73,176","38,004","36,948","12,642","22,274","90,521","54,237","36,487","34,158","50,726","50,202","47,793","38,805",0,0,0,0,0,0,0,0,0,0,0,0
Russia,0,0,0,0,0,0,0,0,0,0,0,0,0,0,0,0,0,0,0,0,0,0,0,0,0,0,0,0,0,0,0,0,0,0,0,0,0,0,0,0,0,0,0,0,0,0,0,0,0,0,0,0,0,0,0,0,0,0,0,0,0,0,0,0,0,0,0,0,0,0,0,0,0,0,"8,644","8,644","8,644","8,644","8,644",0,0,0,0,0,0,0,0,0,0,0,106,264,0,0,0,0,0,0,0,0,0,80,10,0,0,0,0,0,0,0,0,0,0,0,0,0,"4,475","8,950","13,425","17,900","22,375","26,850","31,325","35,800","33,900","56,700","57,100","55,000","74,500","106,100","128,200","129,200","179,800","271,600","683,700","718,800","771,800","779,300","672,130","759,730","849,763","776,393","641,290","583,662","686,847","828,117","794,164","666,294","631,298","725,784","678,567","234,453","175,949","155,914","228,704","142,132","120,000","203,097","279,086","325,000","469,302","234,688","314,753","291,090","81,242","162,346","256,615","298,380","416,361","505,125","622,702","369,977","399,595","417,515","471,736","546,632","511,176","489,955","499,303","649,233","529,872","400,000","447,237","406,800","450,000",0,0,0,0,0,0,0,0,0,0,0
Ukraine,0,0,0,0,0,0,0,0,0,0,0,0,0,0,0,0,0,0,0,0,0,0,0,0,0,0,0,0,0,0,0,0,0,0,0,0,0,0,0,0,0,0,0,0,0,0,0,0,0,0,0,0,0,0,0,0,0,0,0,0,0,0,0,0,0,0,0,0,0,0,0,0,0,0,0,0,0,0,0,0,0,0,0,0,0,0,0,0,0,0,0,0,0,0,0,0,0,0,0,0,0,0,0,0,0,0,0,0,0,0,0,0,0,0,0,0,0,0,0,0,0,0,0,0,0,0,0,0,0,0,0,0,0,0,0,0,0,0,0,0,0,0,0,0,0,0,0,0,0,0,0,0,0,0,0,0,0,"17,000","19,800","19,033","27,093","40,591","40,526","47,300","12,274","9,469","7,513","11,421","15,512","11,295","16,836","45,582","58,035","54,082","24,453","24,689","63,026","47,831","50,705","40,035","28,935","43,126","37,855","37,788",0,0,0,0,0,0,0,0,0,0,0,0
Other ECA,0,0,0,0,0,0,0,0,0,0,0,0,0,0,0,0,0,0,0,0,0,0,0,0,0,0,0,0,0,0,0,0,0,0,0,0,0,0,0,0,0,0,0,0,0,0,0,0,0,0,0,0,0,0,0,0,0,0,0,0,0,0,0,0,0,0,0,0,0,0,0,0,0,0,0,0,0,0,0,0,0,0,0,0,0,0,0,0,0,0,"29,617","24,555","31,862","34,600","34,467","32,072","18,046","12,288","10,410","10,060","11,040","10,150","11,190","13,080","20,160","23,060","12,970","5,010","3,360","5,040",430,"2,900","10,700",100,767,"1,433","2,100",100,"1,300","7,200","18,600","14,900","24,800","44,100","43,700","54,900","50,900","12,400","17,130","20,650","14,350","16,770","22,013","28,371","33,697","32,877","32,981","48,990","52,377","43,468","40,814","54,432","64,000","46,153","46,249","56,190","27,991","41,183","61,233","69,863","85,551","99,380","105,047","97,367","114,788","69,593","37,236","114,760","159,833","190,914","196,386","226,804","238,360","199,780","200,426","240,167","254,356","264,736","279,747","318,539","331,606","374,922","406,096","425,168","435,671","505,860","583,942","555,341","571,117","585,282","605,449","602,290","600,000","600,000",0,0,0,0,0,0,0,0,0,0,0,0
Australia,0,0,0,0,0,0,0,0,"2,251",699,"1,624","2,210","2,009","3,389","3,103","2,468","2,722","3,759","8,572","5,539","6,350","6,370","7,197","4,128","4,073","3,025","2,728","3,314","1,467",40,0,"2,426","1,108",402,240,34,0,0,"2,355","2,223","1,893",0,"2,415",960,"1,927",0,"1,227",332,"3,907",635,"3,499","2,039","2,999","1,256","3,426","1,444","1,356","1,764",798,0,0,966,"2,238","1,888","1,620","3,785",964,"1,004",824,557,499,515,524,538,596,494,554,698,699,682,454,405,302,187,173,416,470,206,266,349,370,397,407,346,347,369,70,38,67,110,129,136,156,226,187,120,29,14,0,3,0,2,15,86,199,120,208,363,35,184,242,221,152,223,236,273,446,373,404,534,681,663,861,"1,388","2,074","1,953","2,403","2,530","3,005","4,310","5,294","6,925","8,098","7,802","8,481","6,874","7,492","8,992","7,334","9,646","13,119","12,794","7,667","8,146","9,737","10,453","8,999","8,703","7,832","8,341","14,057","20,256","13,589","25,622","24,255","19,607","12,774","14,501","17,132","18,750","22,149","27,176","34,352","53,093","62,253","64,415","67,091","84,698","83,002","86,143","92,083","87,394","97,948","179,895",0,0,0,0,0,0,0,0,0,0,0,0
New Zealand,0,0,0,0,0,0,0,0,0,0,0,0,0,0,0,0,0,0,0,0,0,0,0,0,0,0,0,0,0,0,0,0,0,0,0,0,0,0,0,0,0,0,0,0,0,0,0,0,0,0,0,0,0,0,0,0,0,0,0,0,0,0,0,0,0,0,0,0,0,0,0,0,0,0,672,672,672,672,672,0,0,0,0,0,0,0,0,0,0,0,"1,095","1,169",907,890,977,933,631,447,520,680,750,890,"1,000",900,480,630,460,600,"1,000",580,940,700,"1,300","1,200","1,300","1,700","1,300","1,200",900,500,"1,100","1,100","1,300",700,600,"1,000","1,000",822,"1,018",979,"1,069","1,228",857,"1,209","1,378","1,364","1,391","1,801","2,078","2,482","2,383","1,776","1,731","1,611","1,677","1,850","2,288","3,369","2,502","3,233","3,852","2,846","1,793","2,197","6,798","7,978","11,328","8,506","19,003","32,689","25,513","21,318","22,409","28,164","40,778","40,789","40,192","40,227","47,159","37,965","35,097","35,894","42,378","40,949","33,344","35,059","27,287","27,331","40,892","40,724","34,490","37,212","39,564","41,784",0,0,0,0,0,0,0,0,0,0,0,0
Canada,0,0,0,0,0,0,0,0,0,0,0,0,0,0,0,0,0,0,0,0,0,0,0,0,0,0,0,0,0,0,0,0,0,0,0,0,0,0,0,0,0,0,0,0,0,0,0,0,0,0,0,0,0,0,0,0,0,0,0,0,0,0,0,0,0,0,0,0,0,0,0,0,0,0,"4,113","4,113","4,113","4,113","4,113",0,0,0,0,0,0,0,0,0,0,0,"3,104","3,814","5,152","5,429","6,086","5,083","4,215","3,180","2,470","2,420","2,350","2,100","2,330","2,040","2,050","2,290","1,920","2,080","1,330","1,360","2,320","4,300","3,000","3,000","3,300","3,600","4,300","4,900","5,600","6,100","6,200","7,100","7,700","8,800","8,900","9,500","10,851","11,033","11,198","13,732","15,831","16,662","17,087","12,916","27,025","28,538","32,591","37,392","52,540","49,222","60,413","69,258","95,898","104,670","100,918","110,059","120,381","121,810","122,451","162,442","138,614","133,620","133,469","135,793","147,337","144,199","141,235","140,965","154,624","155,314","147,728","169,842","178,381","203,032","219,491","235,757","238,815","243,746","269,710","266,845","280,873","304,358","311,784","319,996","328,224","350,059","358,376","376,808","372,716","384,925","413,439","415,683","418,681","421,811","420,000",0,0,0,0,0,0,0,0,0,0,0
United States,0,0,0,0,0,0,0,0,0,0,0,0,0,0,0,0,0,0,0,0,0,0,0,0,0,0,0,0,0,0,0,0,0,0,0,0,"41,071","36,764","37,449","36,022","26,631","19,659","18,671","16,317","17,154","18,164","19,724","21,302","31,688","11,654","17,036","17,793","17,479","17,615","17,169","19,114","20,053","20,568","21,185","12,313","11,559","15,526","16,393","11,786","13,342","14,179","16,609","19,001","21,215","21,847","21,537","25,125","28,993","29,145","30,923","37,335","27,267","21,972","25,148","28,179","21,408","20,280","19,239","12,619","7,434",0,0,0,0,0,290,184,103,192,79,172,81,127,"5,180","14,190","10,400","13,680","14,370","12,980","14,800","13,640","6,250","3,880","15,850","30,630","10,150","19,000","8,600","11,000","12,000","17,600","19,800","20,200","22,600","24,000","26,900","29,400","31,900","33,900","37,100","40,200","45,562","38,395","38,182","41,282","40,393","51,229","54,910","65,598","72,517","91,182","113,631","153,100","192,092","179,659","163,398","194,790","234,615","328,783","326,922","367,990","414,791","441,710","475,846","519,838","496,653","377,925","311,259","288,549","273,420","241,773","223,136","258,243","235,809","261,812","275,331","347,244","445,150","400,425","407,234","447,940","468,794","552,140","608,245","641,477","712,919","782,423","845,234","831,788","926,883","938,418","1,015,121","1,166,946","1,096,584","1,074,631","1,103,651","1,115,727","1,300,000","1,151,043","1,230,000",0,0,0,0,0,0,0,0,0,0,0
Argentina,0,0,0,0,0,0,0,0,0,0,0,0,0,0,0,0,0,0,0,0,0,0,0,0,0,0,0,0,0,0,0,0,0,0,0,0,0,0,0,0,0,"48,214","65,018","54,413","54,683","51,104","68,770","51,104","62,863","80,699","57,016","75,428","107,345","81,962","105,621","85,605","32,352","51,869","69,408","53,569","65,306","58,748","52,324","55,899","45,925","45,377","44,947","30,928","37,048","37,147","42,562","57,161","58,547","56,649","53,747","52,669","44,293","45,732","40,207","27,463","17,739","11,558","7,330","4,825","3,606","5,268",519,"4,194","4,054","4,052","4,349","3,938","4,554","4,562","4,138","3,927","2,415","1,130",960,632,717,758,"1,165","1,062",875,706,227,338,33,234,289,651,373,223,22,129,282,33,16,11,14,16,46,"6,948","1,764",50,276,112,36,14,722,1,54,112,155,136,74,72,0,0,8,3,190,359,"17,887","4,043",626,80,0,0,0,0,4,6,41,160,929,"2,061","28,932","23,346","5,051","4,393","7,526","8,669","9,645","5,910","6,514",237,242,293,254,218,354,400,"11,336","28,765","6,736",713,869,376,524,"10,845","80,458","2,783",0,0,0,0,0,0,0,0,0,0,0,0
Brazil,0,0,0,0,0,0,0,0,0,0,0,0,0,0,0,0,0,0,0,0,0,0,0,0,0,0,0,0,0,0,0,0,0,0,0,0,0,0,0,0,0,0,0,0,0,0,0,0,0,0,0,0,0,0,0,0,0,0,0,0,0,0,0,0,0,0,0,0,0,0,0,0,0,0,0,"68,891","68,891","68,891","68,891",0,0,0,0,0,0,0,0,0,0,0,"27,532","32,838","24,786","8,635","24,732","16,124","6,998","5,229","7,520","6,510","6,770","6,870","7,700","13,120","7,270","4,980","6,060","4,090","5,850","6,460","13,100","16,800","16,000","10,700","3,200","4,400","9,900","4,900","2,800","3,500","1,800","2,100","1,500","1,400","1,700","1,800","1,626",717,668,550,369,635,"1,702","2,932",989,"1,628","1,799","3,125","4,593","4,800","4,375","5,947","6,459","8,864","9,682","5,948","4,462","4,417","4,072","2,219","5,253","8,213","5,009","6,672","9,347","9,200","8,423","6,275","12,530","22,625","27,907","23,383","25,252","24,145","28,449","31,248","29,871","26,554","29,329","39,157","40,938","50,923","60,875","57,912","59,209","74,603","76,865","78,558","71,284","81,229","81,791","92,138","90,000","90,000",0,0,0,0,0,0,0,0,0,0,0,0
Chile,0,0,0,0,0,0,0,0,0,0,0,0,0,0,0,0,0,0,0,0,0,0,0,0,0,0,0,0,0,0,0,0,0,0,0,0,0,0,0,0,0,0,0,0,0,0,0,0,0,0,0,0,0,0,0,0,0,0,0,0,0,0,0,0,0,0,0,0,0,0,0,0,0,158,182,227,355,233,0,0,0,0,0,0,0,0,0,0,0,0,86,83,60,108,132,115,52,24,6,11,10,20,30,40,40,28,10,17,37,10,79,108,133,54,0,0,0,0,0,92,109,93,0,0,53,0,40,20,10,10,5,6,5,10,6,7,0,3,0,1,3,"2,232","12,200","4,576","1,300","4,050","8,198",172,55,49,69,52,125,145,55,49,91,283,165,183,195,417,476,"2,362","2,373","1,812",663,484,339,412,"1,462","6,298","6,203","3,881","3,021","2,425","5,037","1,369","2,182","1,701","2,409","2,792","2,213","3,059",0,0,0,0,0,0,0,0,0,0,0,0
Mexico,0,0,0,0,0,0,0,0,0,0,0,0,0,0,0,0,0,0,0,0,0,0,0,0,0,0,0,0,0,0,0,0,0,0,0,0,0,0,0,0,0,0,0,0,0,0,0,0,0,0,0,0,0,0,0,0,0,0,0,0,0,0,0,0,0,0,0,0,0,0,0,0,0,0,"9,624","9,624","9,624","9,624","9,624",0,0,0,0,0,0,0,0,0,0,0,"5,162","4,966","3,911","4,186","4,460",53,"2,810","2,669","2,660","4,030","2,960","2,480","2,850","1,700","2,050","2,210","1,800",910,"1,650","2,270","2,400","3,400","2,700",100,200,600,"3,200","1,300","1,400","1,000",800,"2,300","1,000",700,500,800,560,703,786,"1,136",513,571,808,856,728,903,"1,807","2,709","2,664","3,251","2,561","3,701","2,961","3,838","7,248","8,723","10,637","5,317",193,107,232,964,"3,722","6,591","13,026","19,707","12,272","11,929","12,826","21,677","4,849","7,339","11,940","11,423","13,696","16,417","22,568","34,397","22,692","22,424","27,104","33,611","38,448","48,001","38,578","43,974","45,389","44,034","53,685","54,308","55,920","68,148","71,949","79,763",0,0,0,0,0,0,0,0,0,0,0,0
Uruguay,0,0,0,0,0,0,0,0,0,0,0,0,0,0,0,0,0,0,0,0,0,0,0,0,0,0,0,0,0,0,0,0,0,0,0,0,0,0,0,0,0,0,0,0,0,0,0,0,0,0,0,0,0,0,0,0,0,0,0,0,0,0,0,0,0,0,0,0,0,0,0,0,0,0,"12,394","12,394","12,394",0,0,0,0,0,0,0,0,0,0,0,0,0,"3,642","4,583","2,189","2,455","2,205","3,639","2,344",347,690,150,140,170,200,195,190,250,20,30,20,20,20,300,300,200,100,400,700,400,200,100,100,200,100,0,0,100,36,0,2,17,9,0,0,0,5,2,1,1,1,1,17,9,106,187,369,392,400,175,66,135,285,282,501,253,243,437,"1,254","2,268","2,010","2,885","4,586","8,435","9,286","8,400","6,751","7,851","8,150","2,288","5,114","2,968","2,317","2,246","2,116","2,408","3,429","6,801","7,569","3,685","2,964","6,246","3,012","3,078","3,120","3,366",0,0,0,0,0,0,0,0,0,0,0,0
Other LAC,0,0,0,0,0,0,0,0,0,0,0,0,0,0,0,0,0,0,0,0,0,0,0,0,0,0,0,0,0,0,0,0,0,0,0,0,0,0,0,0,0,0,0,0,0,0,0,0,0,0,0,0,0,0,0,0,0,0,0,0,0,0,0,0,0,0,0,0,0,0,0,0,0,0,"40,914","40,914","40,914","40,914","40,914",0,0,0,0,0,0,0,0,0,0,0,"40,005","31,378","27,686","26,749","23,599","19,090","16,131","13,714","11,470","12,740","13,500","13,780","13,430","13,024","13,625","12,196","12,133","6,455","5,530","7,816","7,442","10,241","12,494","10,723","13,178","14,771","20,318","10,367","22,384","23,197","24,077","25,291","22,754","21,252","18,883","7,850","7,204","7,133","8,505","9,355","10,425","13,954","11,629","16,796","15,077","18,774","16,543","17,484","18,886","20,209","21,769","30,580","34,592","40,523","34,751","46,328","48,844","45,919","29,205","33,556","33,860","33,393","36,760","34,310","30,071","33,723","42,681","43,939","48,490","63,409","56,803","56,839","60,667","55,553","62,362","89,051","85,630","69,171","85,805","93,815","111,268","132,814","151,325","162,769","140,619","134,109","135,301","138,215","126,725","127,237","92,044","92,384","95,000","95,000",0,0,0,0,0,0,0,0,0,0,0,0
Algeria,0,0,0,0,0,0,0,0,0,0,0,0,"31,961","39,439","42,703","43,921","41,670","42,751","30,918","17,863","11,882","17,877","14,156","24,506","33,355","25,530","26,611","25,179","28,795","32,104","37,887","45,306","37,490","38,793","35,842","37,470","40,868","36,116","25,805","27,892","33,342","35,879","39,907","29,494","36,238","30,481","38,769","39,381","24,904","17,886","39,519","31,251","15,471","13,346","12,394","11,153","12,469","10,772","8,893","6,075","3,546","5,360","4,341","3,021","2,482","2,567","1,958","2,191","1,532","1,522","1,675","1,768","1,735","1,513","1,617","2,551","2,551","2,551","2,551","2,171","1,790","1,523",955,773,"1,195","11,080",850,"1,860","1,860","1,359","1,715","1,839","1,352","1,750","2,362","2,485","2,426","2,226","6,633","5,203","2,537","4,536","2,098","2,238","2,200","1,940","1,660",300,0,0,200,600,"1,000","1,100","2,050","3,100","25,300","43,600","47,200","7,180","10,160","65,000","9,100","4,500","22,500","40,900","61,200",0,0,0,0,0,0,239,354,24,43,20,19,0,59,57,24,0,1,1,0,12,0,11,2,0,0,0,0,0,2,13,21,17,72,30,16,19,"5,479",304,763,"6,090","7,935",8,255,899,749,"2,933","2,476","1,690","2,390","3,757","5,562","7,473","8,485","11,282","9,869","10,000",0,0,0,0,0,0,0,0,0,0,0,0
Morocco,0,0,0,0,0,0,0,0,0,0,0,0,0,0,0,0,0,0,0,0,0,0,0,0,0,0,0,0,0,0,0,0,0,0,0,0,0,0,0,0,0,0,0,0,0,0,0,0,0,0,0,0,0,0,0,0,0,0,0,0,0,0,0,0,0,0,0,0,0,0,0,0,0,0,"4,409","4,409","4,409","4,409","4,409",0,0,0,0,0,0,0,0,"30,590","25,840","18,770","25,320","28,759","26,469","15,480","23,438","27,133","27,182","16,490","12,210","9,070","5,590","4,370","4,040","3,860","4,630","4,140","4,480","8,110","23,650","49,390","49,390","31,900","21,700","15,600","19,400","11,600","4,200","8,500","3,700","2,800","2,900","2,400","1,600","1,500",100,0,866,339,490,415,354,173,166,479,318,313,204,157,193,181,213,190,221,218,175,61,116,73,29,72,119,87,132,157,621,485,295,291,333,"9,677","14,393","22,577","9,367",839,"5,877","1,133","1,151","4,137","8,273","4,324","6,821","1,607","2,154","2,614","2,945","2,554","9,128","8,798","5,603","3,025","1,828","2,115","10,302","10,000",0,0,0,0,0,0,0,0,0,0,0,0
South Africa,0,0,0,0,0,0,0,0,0,0,0,0,0,0,0,0,0,0,0,0,0,0,0,0,0,0,0,0,0,0,0,0,0,0,0,0,0,0,0,0,0,0,0,0,0,0,0,0,0,0,0,0,0,0,0,0,0,0,0,0,0,0,0,0,0,0,0,0,0,0,0,0,0,0,428,428,428,428,428,0,0,0,0,0,0,0,0,0,0,0,219,104,237,258,234,217,180,119,160,210,240,250,220,250,180,190,190,40,10,10,30,300,300,100,100,100,100,100,200,200,300,300,300,400,400,300,290,290,420,"6,595","6,454",303,407,486,453,634,766,420,456,"5,324","7,161",512,632,649,618,768,922,"1,248","1,615","2,958","1,078",928,663,881,686,696,620,610,697,888,"4,377","16,505","19,696","11,383","11,003","7,769","4,321","5,325","6,759","1,622","10,458","8,772","1,855","1,811","2,034","1,605","2,156","2,572","2,399","2,161","2,912","2,691","2,382","2,500",0,0,0,0,0,0,0,0,0,0,0,0
Tunisia,0,0,0,0,0,0,0,0,0,0,0,0,0,0,0,0,0,0,0,0,0,0,0,0,0,0,0,0,0,0,0,0,0,0,0,0,0,0,0,0,0,0,0,0,0,0,0,0,0,0,0,0,0,0,0,0,0,0,0,40,37,0,70,84,141,590,98,131,168,332,55,0,165,193,195,220,106,238,220,165,194,208,99,132,95,226,201,183,297,296,314,443,354,433,553,585,660,722,510,500,410,530,570,530,514,498,481,465,449,433,416,400,300,"1,000",400,500,"6,200",600,300,100,700,"5,000",500,500,400,300,218,156,168,100,55,46,0,3,18,8,20,46,108,61,15,35,37,22,6,0,92,60,43,6,10,10,7,10,40,49,39,91,147,126,60,97,127,86,92,72,69,70,79,81,68,50,45,49,49,80,104,93,75,210,133,149,150,150,0,0,0,0,0,0,0,0,0,0,0,0
Turkey,0,0,0,0,0,0,0,0,0,0,0,0,0,0,0,0,0,0,0,0,0,0,0,0,0,0,0,0,0,0,0,0,0,0,0,0,0,0,0,0,0,0,0,0,0,0,0,0,0,0,0,0,0,0,0,0,0,0,0,0,0,0,0,0,0,0,0,0,0,0,0,0,0,0,0,0,0,0,0,0,0,0,0,0,0,0,0,0,0,0,0,0,0,0,218,8,5,0,0,0,0,0,0,0,10,10,0,0,0,0,0,0,0,0,0,0,0,0,0,0,0,0,0,0,0,0,2,6,0,5,1,2,2,1,8,0,0,0,21,4,10,7,0,0,0,0,0,0,0,41,0,11,34,407,27,9,7,30,54,35,28,164,174,209,169,216,160,185,144,921,"1,351","1,573","1,219","1,451","1,067","1,702","1,810","2,192","1,957","2,741","2,208","2,036","2,412","2,666",0,0,0,0,0,0,0,0,0,0,0,0
Other AME,0,0,0,0,0,0,0,0,0,0,0,0,0,0,0,0,0,0,0,0,0,0,0,0,0,0,0,0,0,0,0,0,0,0,0,0,0,0,0,0,0,0,0,0,0,0,0,0,0,0,0,0,0,0,0,0,0,0,0,0,0,0,0,0,0,0,0,0,0,0,0,0,0,0,"42,003","42,003","42,003","42,003","42,003",0,0,0,0,0,0,0,0,0,0,0,"61,820","72,014","66,604","62,710","70,076","65,115","53,145","55,334","57,580","53,070","69,850","102,730","102,620","113,460","68,480","66,050","55,330","41,840","43,730","55,720","91,310","103,300","100,300","83,100","87,000","125,000","163,800","195,400","233,700","285,900","215,940","264,300","241,500","194,100","197,300","221,000","206,397","179,910","185,407","198,004","205,495","217,910","208,585","204,543","195,680","177,651","142,662","131,369","121,866","113,472","109,728","100,076","97,591","83,821","72,007","82,078","92,443","102,419","108,121","115,077","108,918","92,408","72,468","77,177","84,313","79,642","84,431","125,786","93,495","92,091","89,951","83,352","131,011","132,339","94,342","102,673","139,781","149,100","157,827","169,504","195,041","244,165","257,774","292,273","224,694","271,011","288,620","328,485","337,390","371,595","206,724","149,385","150,000","150,000",0,0,0,0,0,0,0,0,0,0,0,0
China,0,0,0,0,0,0,0,0,0,0,0,0,0,0,0,0,0,0,0,0,0,0,0,0,0,0,0,0,0,0,0,0,0,0,0,0,0,0,0,0,0,0,0,0,0,0,0,0,0,0,0,0,0,0,0,0,0,0,0,0,0,0,0,0,0,0,0,0,0,0,0,0,0,0,0,0,0,0,0,0,0,0,0,0,0,0,0,0,0,0,"1,754","2,018",956,992,641,446,317,682,"1,000","1,250","1,090",310,340,60,100,60,100,60,100,110,150,0,0,100,"1,500",500,0,0,0,0,0,0,0,0,0,0,0,0,0,0,0,0,0,0,0,0,0,0,0,0,0,0,0,0,0,0,0,0,0,0,0,142,150,195,61,76,49,157,367,155,712,"4,355","33,578","46,227","43,658","34,571","29,220","30,224","41,404","44,105","53,971","115,507","148,240","164,861","172,881","286,040","365,535","394,282","377,541","383,431","552,088","638,142","749,370","687,060","610,000",0,0,0,0,0,0,0,0,0,0,0
Hong Kong,0,0,0,0,0,0,0,0,0,0,0,0,0,0,0,0,0,0,0,0,0,0,0,0,0,0,0,0,0,0,0,0,0,0,0,0,0,0,0,0,0,0,0,0,0,0,0,0,0,0,0,0,0,0,0,0,0,0,0,0,0,0,0,0,0,0,0,0,0,0,0,0,0,0,0,0,0,0,0,0,0,0,0,0,0,0,0,0,0,0,150,150,150,150,150,150,150,150,150,160,140,160,160,200,180,120,40,0,0,0,0,100,300,200,300,400,500,400,300,200,250,300,500,300,400,400,500,515,552,503,605,539,746,742,788,"1,055","1,178","1,311","1,845","1,414","1,287","1,844","2,002","2,355","2,931","2,695","3,298","3,669","3,501","3,716","3,990","4,146","4,569","4,272","4,936","4,814","4,618","4,880","4,960","5,620","5,699","10,583","34,095","20,785","10,292","10,135","10,798","10,925","11,200","13,440","15,124","18,336","23,357","30,327","34,837","39,984","48,197","50,525","50,122","52,514","63,390","62,935","60,853","51,984",0,0,0,0,0,0,0,0,0,0,0,0
India,0,0,0,0,0,0,0,0,0,0,0,0,0,0,0,0,0,0,0,0,0,0,0,0,0,0,0,0,0,0,0,0,0,0,0,0,0,0,0,0,0,0,0,0,0,0,0,0,0,0,0,0,0,0,0,0,0,0,0,0,0,0,0,0,0,0,0,0,0,0,0,0,0,0,"1,787","1,787","1,787","1,787","1,787",0,0,0,0,0,0,0,0,0,0,0,"1,569","1,660","1,669","1,740","1,688","1,525","1,287",994,"1,190","1,280","1,530","1,360","1,330","1,330",640,680,840,510,420,500,630,"1,200",300,300,800,600,500,800,200,200,200,200,100,800,700,700,70,35,34,43,70,39,30,140,89,19,38,25,18,29,54,32,46,42,35,36,24,31,36,41,400,98,90,170,162,143,43,84,70,154,259,300,244,423,306,383,478,215,522,975,"1,690","1,815","3,187","3,004","1,930","2,023","4,400","4,207","3,878","3,542","3,449","4,005","4,451","6,240",0,0,0,0,0,0,0,0,0,0,0,0
Japan,0,0,0,0,0,0,0,0,0,0,0,0,0,0,0,0,0,0,0,0,0,0,0,0,0,0,0,0,0,0,0,0,0,0,0,0,0,0,0,0,0,0,0,0,0,0,0,0,0,0,0,0,0,0,0,0,0,0,0,0,0,0,0,0,0,0,0,0,0,0,0,0,0,0,"1,879","1,879","1,879","1,879","1,879",0,0,0,0,0,0,0,0,0,0,0,"3,040","2,785","2,115","2,565","2,973","2,055","1,636","1,691","1,520","1,700","1,830","1,640","1,920",220,90,0,0,0,0,0,0,0,60,120,180,240,300,400,700,200,100,100,200,200,200,400,510,260,590,650,350,387,467,496,529,"1,297","1,508","3,292","17,121","37,641","12,305","18,018","23,490","20,870","27,549","32,328","32,660","37,124","46,699","48,903","45,293","33,656","52,295","76,227 ","82,852 ","86,025 ","75,223 ","68,370 ","65,048 ","89,707 ","107,669 ","107,351 ","145,185 ","321,392 ","188,635 ","165,746 ","169,144 ","167,938 ","161,182 ","166,543 ","158,034 ","166,243 ","166,664 ","171,760 ","180,740 ","193,853 ","208,345 ","257,126 ","263,244 ","270,425 ","280,071 ","268,639 ","283,884","266,798","280,000",0,0,0,0,0,0,0,0,0,0,0
Korea,0,0,0,0,0,0,0,0,0,0,0,0,0,0,0,0,0,0,0,0,0,0,0,0,0,0,0,0,0,0,0,0,0,0,0,0,0,0,0,0,0,0,0,0,0,0,0,0,0,0,0,0,0,0,0,0,0,0,0,0,0,0,0,0,0,0,0,0,0,0,0,0,0,0,98,98,98,98,98,0,0,0,0,0,0,0,0,0,0,0,170,169,39,24,172,150,124,168,20,20,20,20,20,10,0,0,0,0,0,0,0,0,0,0,0,0,0,0,0,0,0,0,0,0,0,0,0,0,0,0,12,16,22,14,12,21,39,32,47,34,32,26,79,260,488,173,87,80,76,222,167,195,201,"1,373","1,308","1,917","1,247","2,108","3,231","3,927","5,668","5,853","9,390","2,559","5,766","8,053","8,862","11,510","13,980","15,898","18,984","22,194","31,810","28,795","23,009","24,569","26,004","28,083","32,547","33,252","36,805","37,384","36,185","39,747",0,0,0,0,0,0,0,0,0,0,0,0
Malaysia,0,0,0,0,0,0,0,0,0,0,0,0,0,0,0,0,0,0,0,0,0,0,0,0,0,0,0,0,0,0,0,0,0,0,0,0,0,0,0,0,0,0,0,0,0,0,0,0,0,0,0,0,0,0,0,0,0,0,0,0,0,0,0,0,0,0,0,0,0,0,0,0,0,0,0,0,0,0,0,0,0,0,0,0,0,0,0,0,0,0,459,572,602,468,586,410,283,205,210,330,370,330,440,410,350,410,370,0,0,0,0,0,0,300,300,400,200,600,600,600,600,600,600,600,700,700,700,414,435,446,415,393,323,358,364,329,313,349,503,543,404,407,481,591,674,608,858,580,791,875,"1,530","1,089","1,058","1,153",701,887,"1,058",751,768,820,"1,253",966,966,"1,663","2,782","2,386","2,513","3,001","5,343","11,051","6,384","5,720","6,772","8,123","6,875","8,528","6,041","5,703","6,161","8,099","10,380","12,224","13,035","13,000",0,0,0,0,0,0,0,0,0,0,0,0
Philippines,0,0,0,0,0,0,0,0,0,0,0,0,0,0,0,0,0,0,0,0,0,0,0,0,0,0,0,0,0,0,0,0,0,0,0,0,0,0,0,0,0,0,0,0,0,0,0,0,0,0,0,0,0,0,0,0,0,0,0,0,0,0,0,0,0,0,0,0,0,0,0,0,0,0,"1,274","1,274","1,274","1,274","1,274",0,0,0,0,0,0,0,0,0,0,0,442,462,601,490,488,365,400,299,280,280,280,260,290,240,260,180,110,0,0,0,100,600,300,100,100,100,100,100,100,100,100,200,200,100,200,100,0,140,107,97,165,137,189,182,215,119,199,147,140,175,258,331,410,465,629,559,605,782,925,259,445,540,"1,250","1,216","1,199",786,851,"1,242","1,307","1,406","1,673","2,265","2,352","2,937","3,461","5,461","6,264","5,433","5,360","6,109","6,467","7,005","7,487","9,927","9,739","11,616","11,536","10,779","9,872","14,641","17,155","20,444","17,898","15,414",0,0,0,0,0,0,0,0,0,0,0,0
Singapore,0,0,0,0,0,0,0,0,0,0,0,0,0,0,0,0,0,0,0,0,0,0,0,0,0,0,0,0,0,0,0,0,0,0,0,0,0,0,0,0,0,0,0,0,0,0,0,0,0,0,0,0,0,0,0,0,0,0,0,0,0,0,0,0,0,0,0,0,0,0,0,0,0,0,0,0,0,0,0,0,0,0,0,0,0,0,0,0,0,0,0,0,0,0,0,0,0,0,0,0,0,0,0,0,0,0,0,0,0,0,0,0,0,0,0,0,0,0,0,0,0,0,0,0,0,0,400,380,418,389,599,833,562,762,"1,030","1,053","1,159",978,"1,287","1,476","1,387","1,614","1,942","1,904","1,961","2,079","2,164","2,274","2,471","2,660","2,119","2,125","2,437","2,819","3,180","2,930","3,675","3,954","4,399","5,418","5,954","6,494","8,152","6,846","9,167","9,713","10,321","11,336","12,287","15,177","16,430","19,561","23,507","24,140","20,508","23,534","26,824","27,924","29,422","32,888","30,805","29,958","32,142","32,000",0,0,0,0,0,0,0,0,0,0,0,0
Taiwan,0,0,0,0,0,0,0,0,0,0,0,0,0,0,0,0,0,0,0,0,0,0,0,0,0,0,0,0,0,0,0,0,0,0,0,0,0,0,0,0,0,0,0,0,0,0,0,0,0,0,0,0,0,0,0,0,0,0,0,0,0,0,0,0,0,0,0,0,0,0,0,0,0,0,93,93,93,93,93,0,0,0,0,0,0,0,0,0,0,0,212,224,270,278,672,579,381,401,320,390,420,490,450,500,0,0,0,0,0,0,0,0,0,0,0,0,0,0,0,0,0,0,0,0,0,0,0,0,0,0,0,4,6,6,10,13,63,6,73,109,8,21,0,157,144,129,177,70,159,267,119,144,211,"1,824","1,918","1,973","2,029","2,518","2,169","3,405","3,628","5,323","24,561","15,613","9,191","6,665","6,873","7,178","9,072","12,178","16,571","16,968","21,743","16,407","11,338","16,000","17,902","16,820","16,643","17,024","18,547","19,000","19,000","19,000",0,0,0,0,0,0,0,0,0,0,0,0
Thailand,0,0,0,0,0,0,0,0,0,0,0,0,0,0,0,0,0,0,0,0,0,0,0,0,0,0,0,0,0,0,0,0,0,0,0,0,0,0,0,0,0,0,0,0,0,0,0,0,0,0,0,0,0,0,0,0,0,0,0,0,0,0,0,0,0,0,0,0,0,0,0,0,0,0,0,0,0,0,0,0,0,0,0,0,0,0,0,0,0,0,0,0,0,0,0,0,0,0,0,0,0,0,0,0,50,30,20,0,0,0,0,0,0,0,0,0,0,0,0,0,0,100,100,100,300,100,113,83,120,81,96,128,135,165,158,145,67,97,134,152,134,224,287,288,347,305,478,488,648,663,939,716,895,"1,267","1,489","1,445","1,248","1,627","2,043","2,159","4,187","8,852","5,799","2,407","5,938","6,674","5,903","5,700","5,503","6,325","7,269","7,344","10,632","9,327","7,832","9,773","11,985","14,906","15,493","14,242","13,260","12,623","13,000","13,642",0,0,0,0,0,0,0,0,0,0,0,0
Other Asia Pacific,0,0,0,0,0,0,0,0,0,0,0,0,0,0,0,0,0,0,0,0,0,0,0,0,0,0,0,0,0,0,0,0,0,0,0,0,0,0,0,0,0,0,0,0,0,0,0,0,0,0,0,0,0,0,0,0,0,0,0,0,0,0,0,0,0,0,0,0,0,0,0,0,0,0,"6,081","6,081","6,081","6,081","6,081",0,0,0,0,0,0,0,0,0,0,0,"12,302","15,685","13,076","17,216","16,397","13,410","11,921","10,917","9,490","10,350","10,300","12,230","13,160","13,250","16,810","13,500","15,830","7,660","3,220","2,340","1,960","5,100","13,900","15,800","13,500","19,600","22,500","26,900","25,000","18,600","10,350","7,200","9,600","8,700","6,500","7,400","7,789","7,921","8,373","8,869","9,615","12,161","12,205","13,235","11,276","11,323","13,613","12,460","12,732","12,762","11,495","11,815","12,164","12,574","13,099","12,004","11,919","12,913","12,613","12,111","10,680","11,505","12,001","12,132","12,732","12,647","12,463","13,577","16,349","16,677","17,900","20,950","25,478","18,622","20,656","25,336","27,223","30,917","34,106","37,891","43,663","47,470","60,996","61,086","55,536","59,834","66,799","68,125","73,466","57,276","42,904","28,334","35,000","35,000",0,0,0,0,0,0,0,0,0,0,0,0
Other,0.0,0.0,0.0,0.0,0.0,0.0,0.0,0.0,0.0,0.0,0.0,0.0,0.0,0.0,0.0,0.0,0.0,0.0,0.0,0.0,0.0,0.0,0.0,0.0,0.0,0.0,0.0,0.0,0.0,0.0,0.0,0.0,0.0,0.0,0.0,0.0,0.0,0.0,0.0,0.0,0.0,0.0,0.0,0.0,0.0,0.0,0.0,0.0,0.0,0.0,0.0,0.0,0.0,0.0,0.0,0.0,0.0,0.0,0.0,0.0,0.0,0.0,0.0,0.0,0.0,0.0,0.0,0.0,0.0,0.0,0.0,0.0,0.0,0.0,0.0,0.0,0.0,0.0,0.0,0.0,0.0,0.0,0.0,0.0,0.0,0.0,0.0,0.0,0.0,0.0,0.0,0.0,0.0,0.0,0.0,0.0,0.0,0.0,0.0,0.0,0.0,0.0,0.0,0.0,0.0,0.0,0.0,0.0,0.0,0.0,0.0,0.0,0.0,0.0,0.0,0.0,0.0,0.0,0.0,0.0,0.0,0.0,0.0,0.0,0.0,0.0,0.0,0.0,0.0,0.0,0.0,0.0,0.0,0.0,0.0,0.0,0.0,0.0,0.0,0.0,0.0,0.0,0.0,0.0,0.0,0.0,0.0,0.0,0.0,0.0,0.0,0.0,0.0,0.0,0.0,0.0,0.0,0.0,0.0,0.0,0.0,0.0,0.0,0.0,0.0,0.0,0.0,0.0,0.0,0.0,0.0,0.0,0.0,0.0,0.0,0.0,0.0,0.0,0.0,0.0,0.0,0.0,0.0,0.0,0.0,0.0,0.0,0.0,0.0,0.0,0.0,0.0,0.0,0.0,0.0,0.0
World,0,0,0,0,0,0,0,0,0,0,0,0,0,0,0,0,0,0,0,0,0,0,0,0,0,"568,538","472,158","484,430","533,173","537,341","566,412","612,113","570,741","652,632","644,513","611,873","698,510","747,309","868,741","704,454","852,841","715,308","772,431","893,460","1,051,982","1,336,301","1,380,899","1,410,244","1,554,657","1,416,804","1,514,105","1,720,558","1,891,257","1,844,582","1,769,389","1,746,242","1,860,133","1,599,019","1,281,008","1,161,796","1,378,347","1,534,842","1,536,304","1,605,596","1,606,641","1,265,138","1,080,397","1,180,442","1,381,097","1,307,474","1,319,463","1,246,380","1,377,425","1,470,283","1,430,959","1,721,746","1,703,324","1,805,577","1,538,194","1,274,347","1,443,535","1,279,336","1,545,434","1,071,619","1,412,620","1,189,960","1,191,612","1,225,013","1,377,077","1,734,187","1,558,485","1,725,097","1,732,234","1,842,010","1,861,020","1,866,977","2,073,274","1,817,883","2,193,428","1,719,328","1,708,834","1,722,188","1,774,728","2,184,141","2,055,383","1,489,916","1,599,291","965,740","524,089","388,706","385,326","1,369,489","1,045,205","1,390,006","1,424,195","1,739,476","1,684,916","1,886,815","1,973,377","2,415,321","2,778,391","2,604,247","2,942,581","3,082,047","2,644,924","3,024,707","2,801,060","2,954,018","2,393,269","2,589,104","2,417,207","2,737,063","2,304,138","2,404,831","3,110,968","3,632,841","3,275,957","3,937,470","4,247,705","3,758,539","4,263,565","4,009,561","4,082,441","4,105,248","4,562,008","4,561,364","4,972,564","4,873,427","4,638,443","4,898,720","5,143,024","4,218,423","4,160,982","4,266,402","4,538,248","4,138,944","4,161,652","4,405,668","4,406,237","5,052,651","4,988,541","5,003,272","5,416,065","5,959,763","5,779,058","5,479,790","6,031,285","6,297,658","6,840,638","7,348,097","7,733,516","7,824,164","8,255,779","8,293,363","8,328,451","9,117,229","10,032,115","10,152,119","10,039,933","10,790,212","10,613,771","10,502,029","11,060,000","9,808,989","10,580,000",0,0,0,0,0,0,0,0,0,0,0
Unnamed: 55,0.0,0.0,0.0,0.0,0.0,0.0,0.0,0.0,0.0,0.0,0.0,0.0,0.0,0.0,0.0,0.0,0.0,0.0,0.0,0.0,0.0,0.0,0.0,0.0,0.0,0.0,0.0,0.0,0.0,0.0,0.0,0.0,0.0,0.0,0.0,0.0,0.0,0.0,0.0,0.0,0.0,0.0,0.0,0.0,0.0,0.0,0.0,0.0,0.0,0.0,0.0,0.0,0.0,0.0,0.0,0.0,0.0,0.0,0.0,0.0,0.0,0.0,0.0,0.0,0.0,0.0,0.0,0.0,0.0,0.0,0.0,0.0,0.0,0.0,0.0,0.0,0.0,0.0,0.0,0.0,0.0,0.0,0.0,0.0,0.0,0.0,0.0,0.0,0.0,0.0,0.0,0.0,0.0,0.0,0.0,0.0,0.0,0.0,0.0,0.0,0.0,0.0,0.0,0.0,0.0,0.0,0.0,0.0,0.0,0.0,0.0,0.0,0.0,0.0,0.0,0.0,0.0,0.0,0.0,0.0,0.0,0.0,0.0,0.0,0.0,0.0,0.0,0.0,0.0,0.0,0.0,0.0,0.0,0.0,0.0,0.0,0.0,0.0,0.0,0.0,0.0,0.0,0.0,0.0,0.0,0.0,0.0,0.0,0.0,0.0,0.0,0.0,0.0,0.0,0.0,0.0,0.0,0.0,0.0,0.0,0.0,0.0,0.0,0.0,0.0,0.0,0.0,0.0,0.0,0.0,0.0,0.0,0.0,0.0,0.0,0.0,0.0,0.0,0.0,0.0,0.0,0.0,0.0,0.0,0.0,0.0,0.0,0.0,0.0,0.0,0.0,0.0,0.0,0.0,0.0,0.0
Coeff. of variation,1.0,1.0,1.0,1.0,1.0,1.0,1.0,1.0,2.0,1.0,1.0,1.0,1.0,1.0,1.0,1.0,1.0,1.0,1.0,1.0,1.0,1.0,1.0,1.0,1.0,1.0,1.0,1.0,1.0,1.0,1.0,1.0,1.0,1.0,1.0,1.0,1.0,1.0,1.0,1.0,1.0,1.0,1.0,1.0,2.0,2.0,2.0,2.0,2.0,2.0,2.0,3.0,3.0,3.0,3.0,3.0,3.0,3.0,2.0,2.0,2.0,3.0,2.0,2.0,2.0,2.0,2.0,2.0,2.0,2.0,2.0,2.0,2.0,2.0,3.0,3.0,3.0,3.0,3.0,3.0,3.0,3.0,3.0,3.0,2.0,2.0,2.0,3.0,3.0,3.0,4.0,4.0,4.0,4.0,4.0,5.0,5.0,5.0,5.0,5.0,5.0,5.0,5.0,5.0,5.0,4.0,4.0,4.0,4.0,3.0,2.0,5.0,4.0,5.0,5.0,5.0,4.0,4.0,4.0,4.0,5.0,4.0,4.0,4.0,4.0,4.0,4.0,4.0,3.0,3.0,3.0,3.0,2.0,2.0,3.0,3.0,3.0,3.0,2.0,2.0,3.0,2.0,2.0,2.0,2.0,2.0,2.0,2.0,2.0,2.0,2.0,2.0,2.0,2.0,2.0,2.0,2.0,2.0,2.0,2.0,2.0,2.0,2.0,2.0,2.0,2.0,2.0,2.0,2.0,2.0,2.0,2.0,2.0,2.0,2.0,2.0,2.0,2.0,2.0,2.0,2.0,2.0,2.0,2.0,0.0,0.0,0.0,0.0,0.0,0.0,0.0,0.0,0.0,0.0,0.0,0.0
Unnamed: 57,0.0,0.0,0.0,0.0,0.0,0.0,0.0,0.0,0.0,0.0,0.0,0.0,0.0,0.0,0.0,0.0,0.0,0.0,0.0,0.0,0.0,0.0,0.0,0.0,0.0,0.0,0.0,0.0,0.0,0.0,0.0,0.0,0.0,0.0,0.0,0.0,0.0,0.0,0.0,0.0,0.0,0.0,0.0,0.0,0.0,0.0,0.0,0.0,0.0,0.0,0.0,0.0,0.0,0.0,0.0,0.0,0.0,0.0,0.0,0.0,0.0,0.0,0.0,0.0,0.0,0.0,0.0,0.0,0.0,0.0,0.0,0.0,0.0,0.0,0.0,0.0,0.0,0.0,0.0,0.0,0.0,0.0,0.0,0.0,0.0,0.0,0.0,0.0,0.0,0.0,0.0,0.0,0.0,0.0,0.0,0.0,0.0,0.0,0.0,0.0,0.0,0.0,0.0,0.0,0.0,0.0,0.0,0.0,0.0,0.0,0.0,0.0,0.0,0.0,0.0,0.0,0.0,0.0,0.0,0.0,0.0,0.0,0.0,0.0,0.0,0.0,0.0,0.0,0.0,0.0,0.0,0.0,0.0,0.0,0.0,0.0,0.0,0.0,0.0,0.0,0.0,0.0,0.0,0.0,0.0,0.0,0.0,0.0,0.0,0.0,0.0,0.0,0.0,0.0,0.0,0.0,0.0,0.0,0.0,0.0,0.0,0.0,0.0,0.0,0.0,0.0,0.0,0.0,0.0,0.0,0.0,0.0,0.0,0.0,0.0,0.0,0.0,0.0,0.0,0.0,0.0,0.0,0.0,0.0,0.0,0.0,0.0,0.0,0.0,0.0,0.0,0.0,0.0,0.0,0.0,0.0
Norway,0,0,0,0,0,0,0,0,0,0,0,0,0,0,0,0,0,0,0,0,0,0,0,0,0,0,0,0,0,0,0,0,0,0,0,0,0,0,0,0,0,0,0,0,0,0,0,0,0,0,0,0,0,0,0,0,0,0,0,0,0,0,0,0,0,0,0,0,0,0,0,0,0,0,0,0,0,0,0,0,0,0,0,0,0,0,0,0,0,0,0,0,0,0,0,0,0,0,0,0,0,0,0,0,0,0,0,0,0,0,0,0,0,0,0,0,0,0,0,0,0,0,0,0,0,0,"3,994","4,360","3,965","3,881","4,666","5,285","5,032","7,075","7,799","7,833","9,491","9,974","10,282","11,040","12,447","11,677","12,427","10,192","14,791","15,310","17,436","10,805","17,240","17,930","20,008","21,135","23,151","26,360","25,930","27,919","28,135","26,853","26,910","29,501","31,956","36,623","41,976","43,299","48,031","46,757","62,336","60,969","68,512","72,847","76,061","73,182","72,633","74,481","77,223","78,566","81,422","84,074","82,582",0,0,0,0,0,0,0,0,0,0,0,0,0,0,0,0,0
