Country,1835,1836,1837,1838,1839,1840,1841,1842,1843,1844,1845,1846,1847,1848,1849,1850,1851,1852,1853,1854,1855,1856,1857,1858,1859,1860,1861,1862,1863,1864,1865,1866,1867,1868,1869,1870,1871,1872,1873,1874,1875,1876,1877,1878,1879,1880,1881,1882,1883,1884,1885,1886,1887,1888,1889,1890,1891,1892,1893,1894,1895,1896,1897,1898,1899,1900,1901,1902,1903,1904,1905,1906,1907,1908,1909,1910,1911,1912,1913,1914,1915,1916,1917,1918,1919,1920,1921,1922,1923,1924,1925,1926,1927,1928,1929,1930,1931,1932,1933,1934,1935,1936,1937,1938,1939,1940,1941,1942,1943,1944,1945,1946,1947,1948,1949,1950,1951,1952,1953,1954,1955,1956,1957,1958,1959,1960,1961,1962,1963,1964,1965,1966,1967,1968,1969,1970,1971,1972,1973,1974,1975,1976,1977,1978,1979,1980,1981,1982,1983,1984,1985,1986,1987,1988,1989,1990,1991,1992,1993,1994,1995,1996,1997,1998,1999,2000,2001,2002,2003,2004,2005,2006,2007,2008,2009,2010,2011,2012,2013,2014,2015,2016,2017,2018
France,"337,700","371,700","391,600","406,000","432,400","323,500","416,600","459,300","424,400","455,200","469,800","500,700","410,500","361,800","377,500","404,600","444,200","451,400","504,100","494,800","568,400","644,500","708,600","679,700","669,600","656,900","689,500","708,100","706,900","722,400","770,000","809,400","704,500","736,600","756,800","653,100","690,000","740,100","766,000","756,600","759,600","785,900","803,400","789,900","765,800","857,700","901,200","860,300","900,800","885,500","831,500","824,100","843,700","810,000","856,900","863,900","843,500","909,900","906,900","856,600","893,400","905,100","928,200","960,000","1,043,700","1,079,000","1,047,400","1,045,100","1,098,900","1,143,800","1,075,700","1,164,500","1,139,200","1,178,800","1,138,500","1,227,200","1,438,400","1,207,800","1,285,900","904,600","580,700","790,500","709,900","439,600","670,000","790,900","970,000","1,079,200","1,205,300","1,210,100","1,172,300","1,090,500","1,143,000","1,294,300","1,393,800","1,455,800","1,477,700","1,410,800","1,423,700","1,336,000","1,206,500","1,130,900","1,184,400","1,184,400",,,,,,,,,,,,"926,892","895,816","993,232","1,022,133","1,060,492","1,207,151","1,241,465","1,471,955","1,734,852","1,803,644","1,649,074","1,950,471","1,433,965","1,982,215","2,249,120","2,169,530","2,260,189","2,299,535","2,270,495","2,328,436","2,387,384","2,443,653","2,372,351","2,638,788","2,635,941","2,695,041","2,934,481","2,792,872","2,753,942","2,779,645","2,718,899","2,716,496","2,709,406","2,715,944","2,580,011","2,520,210","2,544,654","2,463,960","2,505,197","2,630,576","2,693,378","2,641,813","2,691,605","2,579,984","2,604,052","2,597,079","2,634,390","2,477,528","2,591,329","2,619,147","2,294,883","2,386,983","2,514,499","2,575,950","2,536,721","2,622,255","2,753,158","2,654,762","2,554,131","2,568,268","2,592,222","2,486,088","2,498,034","2,152,235","2,670,782","2,543,245","2,599,264","2,666,518","2,764,000"
Italy,,,,,,,,,,,,,,,,,,,,,,,,,,,,,,,,,,,,,,,,,,,,,"11,233","11,622","12,736","13,126","12,196","14,419","16,783","14,531","17,492","13,775","15,763","15,622","13,240","9,920","9,386","9,550","11,487","10,694","10,949","13,270","14,502","16,349","16,219","17,641","21,719","21,957","30,463","35,992","44,749","54,780","56,719","59,832","72,146","67,291","65,228","52,560","60,002","61,964","41,134","50,451","94,910","115,702","136,944","118,751","146,522","128,103","121,825","129,572","98,252","112,730","90,219","67,232","43,309","42,225","37,237","28,905","49,745","57,690","61,267","70,870","82,954","81,468","63,267","29,914",,"34,685","69,644","89,795","91,852","89,211","119,976","138,298","116,704","147,877","134,218","141,098","153,431","167,580","169,747","195,884","207,109","248,889","336,813","415,889","462,467","475,445","496,753","570,040","608,870","630,191","651,830","673,863","660,656","729,203","956,150","909,570","786,928","878,345","867,193","933,217","1,058,224","1,047,491","1,135,105","1,302,929","1,324,209","1,203,743","1,396,902","1,468,042","1,478,065","1,477,784","1,371,970","1,579,919","1,565,909","1,627,856","1,585,190","1,658,795","1,611,852","1,530,930","1,623,972","1,716,053","1,730,867","1,801,932","1,862,863","1,811,440","1,936,013","1,905,357","1,918,669","1,952,723","2,008,841","1,898,213","1,809,409","1,880,080","1,917,915","1,935,709","1,946,879","1,981,668","1,845,124","1,871,902","1,905,208","1,936,356"
Portugal,,,,,,,,,,,,,,,,,,,,,,,,,,,,,,,,,,,,,,,,,,,,,,,,,,,,,,,,,,,,,,,,,,,,,,,,,,,,,,,,,,,,,,,,,,,,,,,,,,,,,,,,,,,,,,,,,,,,,,,,,,,,,,,"42,672","38,374","55,809","56,054","71,940","87,437","93,162","104,995","139,595","141,900","170,398","281,069","335,274","343,814","320,595","342,652","425,633","419,927","408,888","474,540","405,651","416,460","382,687","410,336","418,479","508,092","573,831","690,970","735,431","718,858","718,861","701,548","701,873","737,805","721,075","717,374","726,529","719,594","743,892","723,178","709,073","699,761","701,584","730,837","744,573","751,113","740,085","715,327","690,597","673,572","621,899","560,811","555,067","529,365","527,283","541,713","573,064","586,926"
Spain,,,,,,,,,,,,,,,,,,,,,,,,,,,,,,,,,,,,,,,,,,,,,,,,,,,,,,,,,,,,,,,,,,,,,,,,,,,,,,,,,,,,,,,,,,,,,,,,,,,,,,,,,,,,,,,,,,,,,,,,,,,,,,,"500,000","526,689","642,482","760,771","829,832","947,907","1,105,524","1,212,539","1,190,861","1,444,877","1,356,486","1,382,083","1,649,035","1,731,554","1,864,256","1,920,710","1,909,597","2,150,123","2,241,369","2,246,349","2,330,621","2,410,526","2,485,132","2,508,628","2,604,432","2,653,066","2,869,132","2,960,203","3,074,096","3,120,030","3,105,248","3,089,097","2,890,668","2,911,153","2,936,108","2,912,671","2,947,079","2,957,389","3,063,099","3,175,633","3,371,992","3,183,943","3,420,897","3,450,543","3,825,328","3,958,371","3,914,655","3,785,496","3,832,213","4,304,827","3,923,722","3,912,597","3,883,538","3,747,295","3,850,756","3,979,979","4,126,125","4,183,689"
Austria,,,,,,,,,,,,,,,,,,,,,,,,,,,,,,,,,,,,,,,,,,,,,,,,,,,,"1,156,000","1,230,000","1,221,300","1,247,900","1,305,000","1,348,200","1,452,000","1,551,900","1,567,400","1,632,100","1,764,500","1,808,300","1,826,400","1,879,200","1,907,200","1,902,600","1,862,600","1,816,100","1,870,500","1,793,500","1,915,400","1,967,900","2,065,500","1,866,000","1,996,300","2,117,000","2,130,800","1,936,500",,,,,,,"277,100","343,100","237,800","375,700","459,900","516,500","545,000","506,300","535,700","521,600","507,800","397,500","308,100","229,500","242,200",,,,,,,,,,,,,,,,,,,,,,,,,,,"598,393","637,320","676,638","740,683","742,656","807,212","809,995","848,507","799,116","813,481","830,202","887,640","895,892","914,557","865,454","882,814","889,259","881,717","860,246","866,635","874,332","894,732","924,743","943,667","921,577","994,854","958,405","978,483","998,635","1,040,603","1,053,175","1,093,106","1,055,827","1,014,009","1,015,166","1,002,382","990,664","1,009,655","1,014,712","1,019,541","994,433","968,047","971,120","1,019,969","927,526","1,027,371","985,318","989,451","962,099","969,774","971,911","1,004,908","972,481","1,013,996","920,305","921,031","923,890","926,827"
Bel-Lux,,,,,,,,,,,,,,,,,,,,,,,,,,,,,,,,,,,,,,,,,,,,,,,,,,,"951,100","959,600","1,027,600","1,026,600","1,071,400","1,084,300","1,083,100","1,099,000","1,146,000","1,164,000","1,231,600","1,287,200","1,331,000","1,384,000","1,442,600","1,476,300","1,480,900","1,457,900","1,496,000","1,548,500","1,591,800","1,659,600","1,649,000","1,615,500","1,558,600","1,628,200","1,729,900","1,689,900","1,707,800",,,,,"962,700","1,056,200","1,269,300","1,581,800","1,463,100","1,502,900","1,479,700","1,407,400","1,336,300","1,507,400","1,554,400","1,688,000","1,857,900","1,570,800","1,477,600","1,480,600","1,419,400","1,446,800",,,,,,,,,,,,,,,,,,,,,,,,,,"1,340,000","1,360,000","1,382,098","1,447,151","1,409,880","1,416,224","1,477,521","1,495,026","1,560,529","1,638,176","1,617,437","1,665,742","1,779,891","1,664,257","1,637,795","1,730,878","1,642,311","1,583,875","1,591,013","1,659,797","1,575,631","1,682,139","1,626,280","1,604,217","1,541,249","1,528,185","1,544,314","1,514,854","1,471,486","1,550,506","1,438,170","1,455,321","1,422,658","1,385,066","1,362,412","1,336,514","1,320,859","1,292,886","1,320,968","1,342,383","1,333,911","1,345,050","1,364,430","1,332,670","1,370,471","1,280,231","1,199,970","1,170,639","1,157,670","1,184,497","1,162,335","1,147,781","1,389,990","1,495,845","1,468,790","1,437,742","1,399,051","1,372,266"
Denmark,,,,,,,,,,,,,,,,,,,,,,,,,,,,,,,,,,,,,,,,,,,,,,,,,,,,,,,,,,,,,"201,600","213,500","224,300","228,900","242,900","244,900","242,700","239,200","236,400","241,000","243,800","249,700","245,500","251,900","233,600","247,300","255,100","232,700","235,900","239,300","225,900","236,900","23,100","171,700","212,900","263,300","239,400","205,100","211,500","214,800","228,800","215,700","198,800","190,800","198,400","213,700","206,600","189,500","189,900","203,200",,,,,,,,,,,,,,,,,,,,,,,,,,,"386,670","392,982","408,120","439,226","415,046","472,929","491,688","510,073","555,530","594,059","559,272","599,896","633,623","627,497","660,735","669,718","657,735","664,668","684,971","692,278","712,505","731,915","761,727","737,415","689,886","715,912","672,802","684,613","703,712","706,233","689,000","694,979","693,048","703,082","698,608","688,131","667,825","619,092","602,984","557,020","539,899","532,419","532,882","498,438","496,403","484,840","472,303","448,779","413,116","390,391","387,558","364,534","362,050","387,536","365,004","380,232","376,201","377,015"
Finland,,,,,,,,,,,,,,,,,,,,,,,,,,,,,,,,,,,,,,,,,,,,,,,,,,,,,,,,,,,,,,,,,,,,,,,,,,,,,,,,,,,,,,,,,,,,,,,,,,,,,,,,,,,,,,,,,,,,"92,205","109,277","106,353","107,624","108,859","114,342","107,043","108,100","100,275","109,868","110,740","96,648","93,561","98,633","100,633","117,997","129,917","140,607","153,847","220,104","207,571","216,365","239,753","246,817","261,857","253,943","257,083","263,935","263,143","269,814","275,939","276,742","272,229","279,923","292,556","305,498","326,311","343,302","375,284","404,844","427,360","433,595","442,420","428,283","416,702","411,495","408,430","417,869","408,049","406,328","401,416","413,029","420,511","416,224","464,883","472,845","477,235","489,320","472,301","466,532","461,713","459,838","438,440","442,022","433,021","423,926","421,407","418,038","413,256"
Germany,,,,,,,,,,,,,,,,,,,,,,,,,,,,,,,,,,,,,,,,,,,,,,,,,,,"3,760,800","4,174,100","4,370,500","4,433,600","4,901,400","4,952,800","4,993,900","5,157,100","5,236,600","5,220,000","5,719,900","5,806,600","6,257,700","6,410,700","6,556,000","6,659,300","6,694,100","6,368,600","6,494,700","6,600,400","6,827,800","6,871,400","6,928,900","6,673,300","6,346,500","6,413,000","6,998,700","6,748,600","6,881,800","5,907,300","4,602,100","3,702,400","2,387,600","2,495,700","2,940,700","2,339,900","3,358,800","3,069,000","2,777,300","3,775,800","4,721,500","4,796,200","5,117,300","5,455,600","5,761,400","4,810,200","3,675,700","3,332,600","3,392,400","3,666,600","3,951,400","3,960,100",,,,,,,,,,,,,,,,,,,,,,,,,"8,238,823","8,774,030","9,317,630","10,115,631","10,215,558","10,594,494","10,684,488","10,872,505","11,804,115","12,112,025","12,542,283","12,712,155","12,893,837","12,912,933","12,898,736","13,069,549","12,836,438","12,532,634","12,503,474","12,673,523","12,812,315","12,926,815","12,948,650","12,552,958","12,564,275","12,627,523","12,404,852","12,344,714","12,457,444","12,620,854","12,076,201","12,356,408","11,315,715","11,551,688","11,449,946","11,150,190","11,102,952","10,780,153","11,653,007","11,065,540","10,395,530","10,368,688","10,033,549","10,121,732","10,107,569","10,357,070","10,159,086","10,077,133","9,929,361","9,743,337","9,776,576","9,667,752","9,565,271","9,522,005","9,455,033","9,548,970","9,395,439","9,698,206"
Greece,,,,,,,,,,,,,,,,,,,,,,,,,,,,,,,,,,,,,,,,,,,,,,,,,,,,,,,,,,,,,,,,,,,,,,,,,,,,,,,,,,,,,,,,,,,,,,,,,,,,,,,,,,,,,,,,,,,,,,,,,,,,,,,"300,000","310,000","325,370","318,121","347,324","351,496","348,866","349,609","359,599","363,936","144,356","377,623","382,607","319,082","194,351","296,070","218,903","273,557","324,940","281,393","321,312","321,042","317,542","342,989","366,664","384,707","397,774","433,780","429,574","451,275","455,562","459,724","484,049","487,247","464,384","453,562","454,467","490,549","502,989","477,719","469,568","477,162","452,416","429,728","428,911","437,060","443,604","443,107","417,097","389,794","385,793","387,072","385,710","381,582","373,814","369,770","369,552","382,494"
Ireland,,,,,,,,,,,,,,,,,,,,,,,,,,,,,,,,,,,,,,,,,,,,,,,,,,,,,,,,,,,,,,,,,,,,,,,,,,,,,,,,,,,,,,,,,,,,,,,,,,,,,,,,,,,,,,,,,,,,,,,,,,,,,,,"235,000","240,000","245,007","255,944","253,595","263,630","267,751","294,531","306,336","331,482","360,147","388,432","431,656","451,815","455,275","441,293","436,081","448,523","461,618","461,806","447,302","446,258","419,828","423,787","425,448","418,380","416,990","429,118","453,119","475,228","486,658","519,924","504,769","541,403","557,227","588,568","625,595","635,434","647,699","530,641","530,591","524,604","507,430","499,617","497,990","495,060","490,754","463,807","433,183","460,358","441,816","430,910","400,093","428,019","430,140","429,948","428,595","428,031"
Netherlands,,,,,,,,,,,,,,,,,,,,,,,,,,,,,,,,,,,,,,,,,,,,,,,,,,,,,,,,,,,,,,,,"159,200","162,600","158,500","166,200","160,600","164,000","167,900","164,600","167,400","163,000","154,600","147,200","155,400","175,900","166,200","177,500","173,600","175,900","174,000",,"65,000","85,000","121,400","177,000","183,800","180,900","181,400","186,900","194,200","191,200","214,800","219,200","218,800","203,900","175,400","156,700","145,800",,,,,,,,,,,,,,,,,,,,,,,,,,,"340,575","361,876","414,455","470,692","506,725","538,861","620,907","640,703","738,684","830,089","911,572","970,417","1,092,965","1,134,110","1,193,438","1,277,403","1,286,050","1,309,171","1,322,025","1,354,172","1,415,366","1,303,306","1,399,528","1,335,885","1,358,967","1,390,997","1,371,310","1,366,414","1,410,449","1,414,345","1,401,381","1,400,196","1,366,794","1,391,866","1,414,468","1,422,513","1,459,865","1,436,950","1,454,634","1,438,186","1,413,727","1,411,548","1,414,701","1,420,790","1,424,204","1,430,274","1,437,176","1,444,470","1,338,127","1,330,203","1,333,647","1,350,558","1,304,087","1,288,787","1,324,955","1,343,098","1,364,212","1,404,483"
Sweden,,,,,,,,,,,,,,,,,,,,,,,,,,,,,,,,,,,,,,,,,,,,,,,"95,200","95,200","95,200","95,200","95,200","104,500","107,500","129,000","134,500","131,000","148,000","148,000","152,500","161,000","174,500","210,400","225,500","253,300","296,000","289,600","312,700","294,200","300,300","317,600","320,800","329,300","315,200","311,900","373,500","258,100","277,100","265,800","274,500","293,000","211,800","238,600","237,300","149,900","150,800","204,000","207,300","182,400","204,100","211,600","228,600","237,200","255,000","260,300","276,900","301,700","287,500","281,500","247,600","246,400",,,,,,,,,,,,,,,,"268,636","270,781","272,888","274,649","276,258","278,135","280,165","282,041","283,765","285,182","286,484","305,602","302,097","329,105","334,241","347,861","376,363","397,464","453,928","515,849","513,558","516,968","518,467","510,959","528,628","548,697","540,043","492,231","449,567","444,596","436,547","414,966","430,289","413,981","411,228","432,793","463,580","479,495","521,981","550,254","571,284","586,340","602,505","620,273","658,141","633,520","581,427","606,075","564,322","585,115","434,208","439,328","440,965","458,709","468,000","466,900","487,100","486,000","477,100","484,400","488,300","472,500","462,900","464,000","463,800","470,400","479,700","468,500","487,014"
Switzerland,,,,,,,,,,,,,,,,,,,,,,,,,,,,,,,,,,,,,,,,,,,,,,,"92,800","92,800","92,800","92,800","92,800","104,400","105,900","114,400","120,000","132,900","140,900","148,900","155,600","155,400","174,100","192,700","206,000","217,300","219,800","221,700","202,200","206,600","215,700","219,200","234,700","247,700","252,300","252,800","244,600","261,800","311,700","311,400","307,700","289,700","218,700","166,700","119,300","82,600","90,900","107,200","138,600","137,200","146,600","160,300","186,000","207,100","208,700","237,100","257,500","264,700","265,500","255,600","244,300","249,200","235,000","208,000",,,,,,,,,,,,,,,,,,,,,,,,,"510,000","510,000","510,000","510,000","510,000","514,991","527,226","511,929","528,690","547,022","546,826","522,437","540,270","539,368","509,595","499,239","477,945","476,945","479,639","488,098","498,929","514,621","505,993","495,282","502,412","506,671","509,124","509,515","519,798","515,538","522,932","513,624","517,107","491,522","478,143","463,549","448,570","465,625","450,554","451,980","454,472","442,504","461,618","419,215","403,063","417,539","426,867","438,142","436,621","447,027","451,559","451,585","448,728","453,860","457,323","457,867","459,690","465,712"
United Kingdom,"2,673,101","2,786,753","2,623,094","2,627,640","2,650,370","2,582,179","2,382,151","2,327,598","2,309,414","2,395,789","2,427,612","2,645,824","2,400,336","2,404,882","2,413,974","2,454,889","2,618,548","2,664,009","2,868,583","2,595,817","2,459,435","2,718,562","2,918,590","2,900,405","3,095,887","3,264,093","3,073,157","3,186,809","3,264,093","3,523,220","3,795,985","4,118,758","3,946,006","3,982,375","4,027,836","4,068,751","4,246,048","4,541,544","4,787,033","4,927,962","4,991,607","5,205,273","5,159,812","5,182,543","4,805,217","4,964,330","4,432,500","4,432,500","4,432,500","4,432,500","4,432,500","4,438,000","4,536,000","4,457,000","4,877,000","5,110,000","5,180,000","5,154,000","5,169,000","5,192,000","5,270,000","5,500,000","5,687,000","5,828,000","6,025,000","5,900,000","5,821,000","5,768,000","5,724,000","5,600,700","5,446,000","5,555,000","5,534,000","5,428,000","5,269,000","5,370,000","5,610,000","5,564,000","5,776,000","5,592,000","4,766,000","4,358,000","2,642,000","2,090,500","3,546,000","4,401,000","3,984,000","3,422,000","3,396,500","3,587,300","3,620,900","3,479,000","3,436,100","3,363,800","3,333,000","3,265,000","2,856,000","3,167,000","3,327,000","3,550,000","3,710,000","3,790,000",,,"3,154,447","3,084,578","3,256,222","3,062,889","3,171,822","3,287,822",,,,,,"4,214,067","4,236,186","4,165,834","4,120,439","4,013,142","4,059,615","4,087,914","4,111,965","3,994,166","4,202,206","4,428,123","5,230,248","5,241,869","5,297,562","5,546,978","5,550,679","5,685,625","5,787,179","5,929,826","6,196,358","6,375,904","6,605,681","6,705,339","7,072,301","7,245,325","7,388,027","7,520,989","7,417,961","7,554,249","7,694,207","7,392,935","7,068,011","6,860,768","6,948,605","6,915,630","6,866,486","6,876,076","5,633,825","5,820,104","5,867,579","5,818,094","5,831,581","5,687,912","5,454,446","5,307,283","5,447,426","5,549,917","5,550,532","5,684,364","5,590,009","5,332,352","5,448,875","5,535,422","5,623,049","5,937,586","5,796,267","5,639,209","5,431,855","5,162,858","4,964,182","4,795,506","4,685,027","4,551,587","4,535,755","4,558,745","4,545,213","4,503,854","4,536,360","4,631,586"
Other WEM,,,,,,,,,,,,,,,,,,,,,,,,,,,,,,,,,,,,,,,,,,,,,,,,,,,,,,,,,,,,,,,,,,,,,,,,,,,,,,,,,,,,,,,,,,,,,,,,,,,,,,,,,,,,,,,,,,,,,,,,,,,,,,,"117,968","114,670","123,105","124,345","132,979","137,857","144,769","157,737","171,362","182,798","197,164","209,820","216,419","224,727","233,404","231,435","239,610","245,854","249,341","263,097","249,834","263,615","256,734","266,680","272,990","293,151","299,766","308,274","309,379","316,171","318,854","315,478","308,035","319,944","318,765","325,174","327,727","316,215","327,213","334,649","332,511","321,179","313,892","336,703","334,711","338,966","348,708","353,293","359,609","367,000","373,000","379,000","385,000","391,000","391,000","391,000","391,000","391,000"
Bulgaria,,,,,,,,,,,,,,,,,,,,,,,,,,,,,,,,,,,,,,,,,,,,,,,,,,,,,,,,,,,,,,,,,,,,,,,,,,,,,,,,,,,,,,,,,,,,,,,,,,,,,,,,,,,,,,,,,,,,,,,,,,,,,,,"160,000","160,000","164,218","156,954","190,643","213,735","245,568","265,321","307,188","343,639","360,929","383,948","426,669","462,981","467,134","502,258","530,532","553,828","568,319","563,194","569,675","587,163","604,761","628,770","626,290","637,230","660,214","672,052","701,858","661,435","491,269","543,472","530,555","493,810","488,072","484,009","343,928","294,201","292,744","438,072","469,433","432,542","476,934","459,373","467,676","504,513","539,752","558,741","507,921","489,901","507,919","551,898","541,151","516,185","535,038","549,339","559,531","563,267"
Croatia,,,,,,,,,,,,,,,,,,,,,,,,,,,,,,,,,,,,,,,,,,,,,,,,,,,,,,,,,,,,,,,,,,,,,,,,,,,,,,,,,,,,,,,,,,,,,,,,,,,,,,,,,,,,,,,,,,,,,,,,,,,,,,,"80,000","85,000","90,000","95,000","100,000","105,000","110,000","115,000","120,000","125,000","130,000","135,000","140,000","145,000","150,000","155,000","160,000","165,000","170,000","180,000","190,000","200,000","210,000","220,000","230,000","240,000","258,884","249,045","229,493","313,402","257,401","281,403","265,714","333,315","338,213","333,046","358,465","353,983","368,327","411,682","425,120","413,624","428,243","414,919","408,333","421,444","433,379","422,637","398,525","370,063","377,729","363,522","368,023","325,736","339,370","354,177","362,136","367,584"
Georgia,,,,,,,,,,,,,,,,,,,,,,,,,,,,,,,,,,,,,,,,,,,,,,,,,,,,,,,,,,,,,,,,,,,,,,,,,,,,,,,,,,,,,,,,,,,,,,,,,,,,,,,,,,,,,,,,,,,,,,,,,,,,,,,,,,,,,,,,,,,,,,,,,,,,,,,,,,,,,,"3,596","5,293","9,483","24,517","15,048","12,471","11,620","14,104","33,988","37,375","41,732","46,989","50,147","57,487","64,580","69,097","79,127","74,118","78,473","86,415","98,771","102,903","114,286","92,030","109,330","112,475","117,733"
Hungary,,,,,,,,,,,,,,,,,,,,,,,,,,,,,,,,,,,,,,,,,,,,,,,,,,,"71,300","67,500","68,000","56,300","54,200","59,100","70,200","134,400","143,600","186,400","163,000","187,200","177,600","176,400","171,400","155,700","153,100","135,000","143,000","163,800","163,400","188,900","209,800","239,600","211,000","238,000","291,700","320,700","326,800","334,600","329,200","300,900","99,400",,"114,900","42,500","43,800","76,400","35,100","42,000","61,300","45,500","69,000","67,000","60,200","44,700","30,900","18,300","16,400","16,700","18,500","22,000",,,,,,,,,,,,,,,,,,,,,,,,,"433,381","440,158","460,231","476,080","497,690","523,830","564,612","582,895","619,374","681,521","692,091","661,556","713,993","779,582","848,489","902,198","955,944","1,021,489","1,023,296","1,023,110","1,059,845","1,065,199","1,054,065","1,036,733","1,097,682","1,186,029","1,195,952","1,192,176","1,198,867","1,209,223","1,151,137","1,073,371","944,122","962,241","854,761","805,848","781,772","775,517","768,866","805,776","797,408","814,727","839,276","703,820","705,230","718,580","730,180","696,990","634,590","594,360","634,380","652,090","643,570","654,590","673,920","678,780","707,442","713,305"
Moldova,,,,,,,,,,,,,,,,,,,,,,,,,,,,,,,,,,,,,,,,,,,,,,,,,,,,,,,,,,,,,,,,,,,,,,,,,,,,,,,,,,,,,,,,,,,,,,,,,,,,,,,,,,,,,,,,,,,,,,,,,,,,,,,,,,,,,,,,,,,,,,,,,,,,,,,,,,,,,,,,,,,,,,"35,852","48,246","65,534","83,216","108,238","126,525","148,623","171,581","176,955","146,288","124,897","139,806","151,430","139,706","146,324","145,000","145,000","145,000","145,000"
Romania,,,,,,,,,,,,,,,,,,,,,,,,,,,,,,,,,,,,,,,,,,,,,,,,,,,,,,,,,,,,,,,,,,,,,,,,,,,,,,,,,,,,,,,,,,,,,,,,,,,,,,,,,,,,,,,,,,,,,,,,,,,,,,,"226,439","249,809","262,433","278,081","302,616","337,953","366,571","390,942","413,448","483,290","547,457","554,418","624,188","719,622","803,572","829,500","833,365","911,981","1,060,641","1,076,409","1,106,803","1,108,881","1,111,999","1,092,329","1,104,714","1,205,691","144,593","1,285,132","1,285,918","1,119,747","1,051,863","1,086,038","1,087,808","1,048,958","982,453","900,308","854,176","1,113,372","1,249,716","1,292,591","1,272,799","1,387,264","1,504,807","1,351,391","1,486,533","1,815,995","2,085,483","2,133,845","1,922,837","1,842,470","1,856,298","1,980,306","1,787,219","1,657,598","1,728,449","1,770,735","1,787,642","1,804,993"
Russia,,,,,,,,,,,,,,,,,,,,,,,,,,,,,,,,,,,,,,,,,,,,,,"351,800","351,800","351,800","351,800","351,800","358,500","364,800","376,700","396,000","397,100","377,200","386,000","345,000","376,700","477,900","537,000","565,900","538,500","592,200","587,600","574,600","570,800","667,200","663,800","730,000","879,000","930,000","875,500","920,500",,,,,,,,,,,,,,,,,,,,,,,,,,,,,,,,,,,,,,,,,,,,,,,,,,,,,"3,000,000","3,000,000","3,165,860","3,193,348","3,542,595","3,907,252","4,096,281","4,290,018","4,449,668","4,731,454","4,951,499","5,252,981","5,681,450","5,693,219","6,356,100","6,615,394","6,888,946","7,122,669","7,025,495","6,813,935","7,012,328","7,244,163","7,373,420","7,368,672","7,414,160","5,532,577","5,713,730","6,290,731","6,372,022","7,262,402","7,159,069","3,012,049","2,846,763","2,501,923","3,995,051","3,946,634","4,099,497","4,251,837","4,616,183","5,810,665","7,026,448","7,823,068","8,328,353","9,196,411","9,812,964","10,360,413","11,716,989","11,637,181","11,007,746","10,509,584","10,340,389","10,217,292","9,650,146","8,744,354","7,723,594","7,524,191","7,366,173","7,625,206"
Ukraine,,,,,,,,,,,,,,,,,,,,,,,,,,,,,,,,,,,,,,,,,,,,,,,,,,,,,,,,,,,,,,,,,,,,,,,,,,,,,,,,,,,,,,,,,,,,,,,,,,,,,,,,,,,,,,,,,,,,,,,,,,,,,,,"750,000","800,000","850,000","900,000","950,000","1,000,000","1,050,000","1,100,000","1,150,000","1,200,000","1,250,000","1,300,000","1,350,000","1,400,000","1,438,879","1,440,000","1,440,000","1,440,000","1,440,000","1,457,920","1,508,191","1,590,476","1,583,963","1,614,083","1,548,360","1,188,956","1,291,463","1,416,497","1,485,883","1,539,036","1,464,935","1,244,256","1,037,269","1,026,954","777,181","692,867","709,497","772,084","943,045","1,157,532","1,360,916","1,563,493","1,747,813","1,941,782","2,353,409","2,606,318","2,985,661","2,939,392","2,951,731","2,919,470","2,902,020","2,915,968","2,689,437","2,349,672","1,877,776","1,765,713","1,764,955","1,802,315"
Other ECA,,,,,,,,,,,,,,,,,,,,,,,,,,,,,,,,,,,,,,,,,,,,,,,,,,,,,,,,,,,,,,,,,,,,,,,,,,,,,,,,,,,,,,,,,,,,,,,,,,,,,,,,,,,,,,,,,,,,,,,,,,,,,,,"2,941,194","2,967,613","3,190,240","3,389,892","3,531,666","3,677,166","3,731,282","3,886,137","4,036,843","4,210,029","4,592,415","4,681,014","4,775,476","4,644,839","4,761,671","4,587,404","4,678,598","4,225,481","4,425,567","4,536,088","4,492,619","4,643,689","4,639,270","4,433,893","4,371,413","4,462,104","4,430,161","4,491,078","4,516,704","4,866,379","5,098,252","10,601,320","9,669,656","10,202,725","10,423,835","10,931,674","11,945,789","12,066,950","12,211,791","12,995,733","13,067,648","7,867,115","8,319,756","8,444,061","8,709,348","10,160,368","9,190,309","9,214,829","9,204,905","9,200,000","9,300,000","9,400,000","9,500,000","9,600,000","9,600,000","9,600,000","9,600,000","9,600,000"
Australia,,,,,,,,,"25,429","24,291","25,010","33,902","27,991","29,472","28,906","31,080","35,154","40,875","67,351","73,464","70,430","73,390","88,670","80,125","84,505","85,788","78,887","77,659","75,369","82,548","99,393","105,018","114,907","160,943","139,521","133,525","118,486","113,690","126,168","129,452","120,691","131,954","140,980","140,905","136,770","126,913","127,613","141,612","146,500","155,480","161,940","191,438","196,124","204,521","212,399","191,928","179,315","165,139","149,272","156,684","164,455","172,307","178,485","182,100","192,939","204,055","199,583","194,950","189,664","193,713","198,198","202,731","207,663","213,475","203,788","232,472","253,023","278,813","295,615","294,859","280,410","261,714","268,200","285,909","316,065","297,125","285,213","286,301","286,922","294,918","306,335","318,636","321,776","324,083","297,123","238,765","217,171","222,191","241,730","263,635","293,760","318,801","361,329","380,661","408,437","438,845","444,761","410,165","427,582","428,573","429,965","453,113","543,431","537,380","633,543","667,111","745,254","822,665","867,003","932,758","1,002,340","1,023,166","991,625","1,018,938","1,003,263","1,046,205","1,066,326","1,083,683","1,117,824","1,178,451","1,239,296","1,266,218","1,323,499","1,391,972","1,462,732","1,532,328","1,601,024","1,640,878","1,719,782","1,874,274","1,921,633","1,901,979","1,928,876","1,924,339","1,888,520","1,932,188","1,915,412","1,936,016","1,859,028","1,821,438","1,792,084","1,832,014","1,790,996","1,852,857","1,925,546","1,929,616","1,898,939","1,809,631","1,750,371","1,740,462","1,739,384","1,733,950","1,759,879","1,760,213","1,758,991","1,761,742","1,788,740","1,762,590","1,807,397","1,951,334","1,998,507","2,022,261","2,057,741","2,096,263","2,085,701","2,032,961","1,984,039","1,911,585","1,944,889","1,942,930","1,948,893","1,982,543","2,008,062","2,004,283"
New Zealand,,,,,,,,,,,,,,,,,,,,,,,,"2,505",,,"2,408",,,"4,885",,,"15,680",,,,"25,153",,,"24,956",,,,"31,289",,,,,"18,923","18,383","18,222","17,377","17,317","16,386","17,720","18,633","18,288","19,029",,,"18,670",,,"21,851","22,676","24,623","25,794","25,882","27,011","27,481","27,377","29,026","31,668","32,752","32,200","33,282","33,765","34,916",,"40,412","41,253","43,564","43,346","40,302",,,,"55,088",,,,,,,,,,,,,,,,,,,,,,,,,,,,,,"146,492","183,446","190,234","206,781","216,958","226,062","237,508","221,457","237,175","242,600","256,341","285,469","294,274","303,677","322,668","335,954","340,891","345,942","367,120","388,479","397,821","420,141","424,231","444,798","425,598","436,376","452,139","419,566","430,363","420,854","422,240","424,766","423,752","421,990","445,075","451,882","429,920","439,869","422,159","415,249","396,301","392,850","397,829","389,957","385,633","283,177","283,417","285,967","275,445","306,342","314,462","313,459","312,888","315,865","309,490","312,205","322,490","306,181","299,348","299,794","279,934","288,811","292,203","291,789","297,842","299,241","302,834"
Canada,,,,,,,,,,,,,,,,,,,,,,,,,,,,,,,,,,,,,,,,,,,,,,,,,,,,,,,,,,,,,,,,,,,,,,,,,,,,,,,,,,,,,,,,,,,,,,,,,,,,,,,,,,,,,,,,,,,,"767,826","836,911","922,620","948,961","916,284","975,862","1,006,439","1,041,021","1,002,319","1,090,194","1,096,006","1,123,689","1,169,528","1,226,336","1,273,334","1,300,608","1,368,004","1,417,826","1,435,616","1,518,524","1,609,499","1,729,072","1,822,872","1,915,302","1,964,937","2,019,200","2,008,395","2,048,870","2,019,049","2,107,235","2,117,483","2,123,970","2,109,399","2,133,238","2,133,249","2,093,487","2,088,443","2,100,081","2,154,273","2,157,489","2,142,655","2,106,008","2,075,222","2,009,338","2,012,107","2,081,339","2,303,593","2,282,959","2,287,933","2,371,966","2,402,144","2,376,793","2,405,391","2,432,487","2,248,394","2,246,992","2,301,942","2,307,528","2,395,687","2,405,436","2,409,271","2,398,382","2,418,721","2,378,436","2,380,611","2,412,615","2,405,302","2,390,697","2,391,714"
United States,,,,,,,,,,,,,,,,,,,,,,,,,,,,,,,,,,,,,,,,,,,,,,,"2,050,000","2,050,000","2,050,000","2,050,000","2,050,000","2,433,000","2,716,000","2,907,000","2,952,000","3,239,000","3,700,000","3,735,000","4,076,000","3,922,000","3,947,000","4,213,000","4,047,000","4,400,000","4,300,000","4,623,000","4,700,000","5,230,000","5,489,000","5,674,000","5,822,000","6,434,000","6,896,000","6,922,000","6,634,000","7,010,000","7,445,000","7,315,000","7,695,000","7,780,000","7,025,000","6,880,000","7,130,000","5,890,000","3,240,000","1,076,000","1,082,000","745,000","618,000","575,000","601,500","570,500","515,000","489,000","454,500","432,600","368,600",,,,,,,,,,,,,,,,,,,"9,310,673","9,360,639","9,523,874","9,626,573","9,322,107","9,483,115","9,519,735","9,318,566","9,421,562","9,782,862","9,830,605","10,350,214","10,748,370","11,136,404","11,687,762","11,882,194","12,289,529","12,610,641","13,059,989","13,621,599","14,101,684","14,540,115","15,093,762","15,748,813","16,700,881","17,156,284","17,574,576","18,130,376","19,012,859","19,957,274","20,418,670","20,863,004","20,974,516","21,099,756","21,451,730","20,891,853","21,253,301","21,445,245","21,471,631","21,373,716","22,094,536","21,528,013","21,795,326","21,570,259","21,652,276","21,600,373","21,854,638","21,950,626","22,244,612","22,735,371","22,810,008","23,283,765","23,535,659","23,370,381","23,648,105","23,520,073","23,976,836","24,242,941","24,530,849","24,222,071","23,774,312","23,616,854","24,073,936","24,070,388","24,002,741","24,201,359","24,086,726","23,915,983","23,584,134"
Argentina,,,,,,,,,,,,,,,,,,,,,,,,,,,,,,,,,,,,,,,,,,,,,,,,,,,,,,,,,,,,,,,,,,,,,,,,,,,,,,,,,,,,,,,,,"239,858","243,449","247,093","250,791","254,545",,,,,,,,,,,,,,,,,,,,,,,,,,,,,,,,,,"242,118","197,034","123,615","169,988","249,147","249,820","236,121","269,221","296,036","350,150","302,696","296,436","313,612","468,335","418,308","274,262","256,463","208,263","214,883","238,485","206,683","222,858","312,160","394,872","395,806","539,516","580,948","516,003","597,871","693,275","913,489","1,132,242","1,195,675","1,308,871","1,254,235","1,324,097","1,456,981","1,397,716","1,347,450","1,053,712","1,133,719","1,256,701","1,241,251","1,459,041","1,547,854","1,638,756","1,748,276","1,879,793","1,825,182","1,816,440","1,833,369","1,817,149","1,772,300","1,736,163","1,725,323","1,635,720","1,912,490","1,963,368"
Brazil,,,,,,,,,,,,,,,,,,,,,,,,,,,,,,,,,,,,,,,,,,,,,,,,,,,,,,,,,,,,,,,,,,,,,,,,,,,,,,,,,,,,,,,,,,,,,,,,,,,,,,,,,,,,,,,,,,,,,,,,,,,,,,,"700,000","700,000","665,399","776,886","758,480","692,915","803,387","898,437","832,391","834,347","1,050,919","965,631","1,129,205","1,205,756","1,244,517","1,386,010","1,597,055","2,040,098","2,233,011","2,283,411","2,380,558","2,481,334","2,584,721","2,597,606","2,702,967","3,393,022","3,376,714","3,644,452","6,063,214","6,363,166","7,096,342","6,457,680","6,545,550","6,729,331","8,206,170","8,459,243","8,562,191","8,608,798","9,449,858","9,091,739","9,308,332","9,446,939","9,236,905","9,089,110","9,556,880","10,235,550","10,927,580","11,301,780","11,761,934","12,754,980","13,285,100","13,710,401","13,384,893","13,890,130","13,282,559","12,602,651","12,385,039","12,248,458"
Chile,,,,,,,,,,,,,,,,,,,,,,,,,,,,,,,,,,,,,,,,,,,,,,,,,,,,,,,,,,,,,,,,,,,,,,,,,,,,,,,,,,,,,,,,,,,,,,,,,,,,,,,,,,,,,,,,,,,,,,,,,,,,,,,"115,000","115,000","114,801","111,889","196,494","174,609","183,497","174,023","148,672","177,220","225,569","236,457","201,400","206,295","88,631","113,459","167,096","161,322","176,330","210,363","225,646","210,350","195,964","198,875","218,421","228,947","290,284","312,174","330,709","341,651","337,975","368,975","416,710","405,233","544,089","559,369","467,115","455,923","545,460","449,828","455,299","458,256","477,107","493,652","551,618","630,484","663,442","699,914","678,355","703,504","740,244","756,343","803,450","831,960","840,000","844,241","905,261","965,741"
Mexico,,,,,,,,,,,,,,,,,,,,,,,,,,,,,,,,,,,,,,,,,,,,,,,,,,,,,,,,,,,,,,,,,,,,,,,,,,,,,,,,,,,,,,,,,,,,,,,,,,,,,,,,,,,,,,,,,,,,,,,,,,,,,,,"861,285","855,809","859,211","1,036,420","1,121,393","1,178,441","1,246,019","1,277,881","1,393,921","1,459,261","1,302,379","1,540,923","1,771,604","2,022,665","2,007,548","1,991,781","2,193,938","2,290,939","2,577,818","2,706,767","2,890,173","2,840,367","2,496,054","2,539,464","2,734,086","2,991,717","3,170,516","3,389,911","3,948,914","3,998,709","4,171,932","4,518,230","4,938,541","4,966,498","5,156,304","5,507,868","5,038,728","5,210,607","5,409,080","5,341,017","5,400,551","5,403,442","5,597,542","5,719,175","5,959,316","6,272,220","6,631,418","6,755,744","6,941,725","7,191,269","7,481,420","7,626,174","7,480,034","7,756,960","7,118,018","7,390,603","7,877,548","8,578,432"
Uruguay,,,,,,,,,,,,,,,,,,,,,,,,,,,,,,,,,,,,,,,,,,,,,,,,,,,,,,,,,,,,,,,,,,,,,,,,,,,,,,,,,,,,,,,,,,,,,,,,,,,,,,,,,,,,,,,,,,,,,,,,,,,,,,,"104,082","63,698","75,831","73,275","78,352","61,754","57,093","76,691","75,544","80,542","98,081","100,909","99,531","111,424","112,764","69,909","83,366","77,205","65,242","85,641","79,104","68,618","49,746","48,119","59,213","68,143","70,180","71,225","73,334","65,875","78,796","91,056","91,543","93,523","95,453","88,141","91,024","91,143","80,682","76,112","66,361","55,863","48,103","61,627","75,849","84,141","91,440","106,329","112,752","110,333","113,963","118,223","116,602","115,556","104,722","98,671","92,682","91,070"
Other LAC,,,,,,,,,,,,,,,,,,,,,,,,,,,,,,,,,,,,,,,,,,,,,,,,,,,,,,,,,,,,,,,,,,,,,,,,,,,,,,,,,,,,,,,,,,,,,,,,,,,,,,,,,,,,,,,,,,,,,,,,,,,,,,,"2,726,470","2,752,289","2,865,178","2,927,536","2,813,002","2,822,586","2,781,463","2,920,323","3,228,556","3,555,065","3,487,486","3,619,165","3,692,686","4,044,502","4,237,749","5,105,243","5,356,743","5,607,342","5,434,512","6,458,735","6,807,621","6,729,761","7,224,497","7,199,445","7,214,758","7,879,981","8,923,970","9,184,765","8,225,166","8,629,179","9,416,383","9,002,049","9,784,852","9,769,401","10,033,582","10,157,085","10,016,373","10,150,450","10,295,397","10,311,218","9,611,793","4,924,696","5,074,432","5,240,471","5,668,912","5,890,217","6,203,919","6,207,302","6,110,471","6,200,000","6,300,000","6,400,000","6,500,000","6,600,000","6,600,000","6,600,000","6,600,000","6,600,000"
Algeria,,,,,,,,,,,,,,,,,,,,,,,,,,,,,,,,,,,,,,,,,,,,,,,,,,,,,,,,,,,,,,,,,,,,,,,,,,,,,,,,,,,,,,,,,,,,,,,,,,,,,,,,,,,,,,,,,,,,,,,,,,,,,,,"91,010","67,733","44,374","35,685","37,982","41,867","49,262","52,445","57,347","62,518","64,348","66,250","73,587","64,743","42,034","61,037","63,020","60,921","58,614","60,625","62,665","64,857","47,274","51,562","50,771","49,733","48,536","50,202","48,877","56,864","55,539","64,261","80,604","87,184","105,397","109,011","108,718","108,247","94,663","53,334","45,922","80,503","97,479","120,167","148,830","89,152","85,549","108,792","110,454","101,943","121,857","136,171","135,000","130,000","123,018","131,529","140,369","149,236"
Morocco,,,,,,,,,,,,,,,,,,,,,,,,,,,,,,,,,,,,,,,,,,,,,,,,,,,,,,,,,,,,,,,,,,,,,,,,,,,,,,,,,,,,,,,,,,,,,,,,,,,,,,,,,,,,,,,,,,,,,,,,,,,,,,,"50,987","39,018","34,697","46,392","40,776","49,851","45,908","43,647","53,870","64,691","60,899","62,536","68,245","63,956","72,201","67,774","78,780","69,536","69,198","78,502","108,116","74,660","69,165","74,220","76,695","102,504","120,885","121,657","106,194","96,179","129,984","147,897","101,426","123,046","142,177","114,691","81,524","155,525","125,597","93,575","105,420","112,975","106,234","113,848","116,631","114,251","116,891","130,337","114,449","101,146","97,690","94,155","95,784","87,649","77,254","73,019","69,728","67,988"
South Africa,,,,,,,,,,,,,,,,,,,,,,,,,,,,,,,,,,,,,,,,,,,,,,,,,,,,,,,,,,,,,,,,,,,,,,,,,,,,,,,,,,,,,,,,,,,,,,,,,,,,,,,,,,,,,,,,,,,,,,,,,,,,,,,"86,403","97,989","198,223","168,003","205,717","210,905","192,011","213,749","270,872","310,319","315,276","348,105","420,621","503,397","563,551","567,544","561,087","593,825","698,393","900,499","1,080,700","1,220,506","1,285,115","1,410,596","1,427,121","1,579,323","1,797,415","2,022,431","2,121,683","2,192,899","2,254,357","2,482,210","2,468,169","2,623,997","2,600,096","2,635,800","2,766,478","2,787,280","2,811,866","2,524,272","2,471,398","2,509,237","2,598,831","2,709,832","2,805,158","2,785,712","2,912,138","2,939,060","2,801,302","2,733,814","3,635,707","3,680,077","3,712,749","3,769,590","3,157,723","3,193,147","3,224,598","3,273,798"
Tunisia,,,,,,,,,,,,,,,,,,,,,,,,,,,,,,,,,,,,,,,,,,,,,,,,,,,,,,,,,,,,,,,,,,,,,,,,,,,,,,,,,,,,,,,,,,,,,,,,,,,,,,,,,,,,,,,,,,,,,,,,,,,,,,,"22,726","20,827","17,248","22,263","21,899","23,408","24,554","24,643","18,072","20,998","29,197","33,251","37,570","40,082","34,280","31,020","34,296","39,995","39,596","36,713","37,943","37,242","44,653","45,239","47,732","38,980","30,643","43,457","45,742","46,989","44,752","39,992","66,143","77,080","73,974","73,294","86,356","89,944","103,848","119,857","114,924","123,823","128,207","134,211","143,530","149,547","159,006","165,018","170,952","156,362","154,809","156,364","157,859","180,226","202,090","197,130","206,250","224,910"
Turkey,,,,,,,,,,,,,,,,,,,,,,,,,,,,,,,,,,,,,,,,,,,,,,,,,,,,,,,,,,,,,,,,,,,,,,,,,,,,,,,,,,,,,,,,,,,,,,,,,,,,,,,,,,,,,,,,,,,,,,,,,,,,,,,"77,393","82,765","30,680","31,340","36,132","41,085","37,955","39,051","40,218","50,601","89,810","63,244","140,442","124,036","175,683","190,997","218,032","234,791","205,220","222,017","346,340","337,800","367,674","297,546","222,867","214,751","235,534","242,291","264,842","384,595","428,420","508,117","591,690","670,322","752,545","790,840","916,935","850,440","789,852","787,756","783,840","833,645","873,987","915,071","887,584","893,717","946,842","1,037,559","1,043,789","1,008,093","1,024,432","1,089,265","958,822","922,893","908,481","901,022","910,207","996,234"
Other AME,,,,,,,,,,,,,,,,,,,,,,,,,,,,,,,,,,,,,,,,,,,,,,,,,,,,,,,,,,,,,,,,,,,,,,,,,,,,,,,,,,,,,,,,,,,,,,,,,,,,,,,,,,,,,,,,,,,,,,,,,,,,,,,1289823,1257632,1307938,1406426,1488412,1606956,1643077,1676169,1805775,2016109,2208375,2366645,2583072,2770935,2760175,2899181,3104643,2863715,3064547,2243992,2236768,2055397,2087914,2075060,2254802,2301980,2337856,2698651,2508725,3280948,3294106,3269693,3356888,3303776,3559674,3511009,3549377,3687879,3847234,3728169,3946757,4108667,4208679,4561677,5026425,5481417,5966107,6505086,7073044,7721743,8210327,6425376,6668501,6500000,6500000,6500000,6500000,6500000
China,,,,,,,,,,,,,,,,,,,,,,,,,,,,,,,,,,,,,,,,,,,,,,,,,,,,,,,,,,,,,,,,,,,,,,,,,,,,,,,,,,,,,,,,,,,,,,,,,,,,,,,,,,,,,,,,,,,,,,,,,,,,,,,"88,023","88,163","89,589","91,186","93,298","95,601","98,298","101,408","104,685","107,883","110,816","227,176","232,648","238,178","243,769","249,899","256,173","263,037","405,758","695,630","860,913","1,175,113","1,527,085","2,198,813","3,065,069","3,964,075","5,239,374","6,388,985","6,164,421","6,641,703","8,003,824","9,603,661","11,822,833","13,340,856","15,077,038","18,912,408","18,416,783","16,862,237","20,643,924","19,554,001","19,922,903","21,197,423","24,000,000","27,599,897","30,438,176","34,592,857","38,639,058","40,677,158","43,005,092","45,409,662","47,743,768","48,993,587","50,582,152","50,080,922","47,727,098","45,627,100","45,535,667","45,498,557"
Hong Kong,,,,,,,,,,,,,,,,,,,,,,,,,,,,,,,,,,,,,,,,,,,,,,,,,,,,,,,,,,,,,,,,,,,,,,,,,,,,,,,,,,,,,,,,,,,,,,,,,,,,,,,,,,,,,,,,,,,,,,,,,,,,,,,"20,583","21,156","22,848","25,129","26,374","20,054","25,820","21,898","26,990","37,961","34,488","32,985","37,566","45,399","49,388","56,094","67,871","71,659","81,103","98,150","128,779","104,655","137,279","125,282","138,526","130,275","156,776","155,811","162,684","165,199","166,000","166,000","166,000","166,000","166,000","166,000","166,000","166,000","166,000","166,000","166,000","166,000","166,000","166,440","155,466","151,687","150,775","192,900","149,207","152,455","156,176","160,066","167,980","167,628","168,833","170,799","175,447","183,098"
India,,,,,,,,,,,,,,,,,,,,,,,,,,,,,,,,,,,,,,,,,,,,,,,,,,,,,,,,,,,,,,,,,,,,,,,,,,,,,,,,,,,,,,,,,,,,,,,,,,,,,,,,,,,,,,,,,,,,,,,,,,,,,,,"52,000","54,000","56,000","58,000","60,000","62,000","64,000","66,000","68,000","70,000","72,951","74,823","76,729","78,687","80,841","82,699","84,783","86,931","178,739","91,672","187,093","191,656","195,989","200,712","205,603","210,118","107,601","110,254","225,939","231,454","236,271","241,376","123,381","252,462","258,491","396,872","406,420","416,308","426,445","460,000","485,000","510,000","535,000","567,532","623,712","771,743","909,929","1,000,766","1,157,257","1,305,664","1,502,336","1,624,163","1,807,987","1,982,997","2,155,955","2,296,455","2,301,840","2,425,908"
Japan,,,,,,,,,,,,,,,,,,,,,,,,,,,,,,,,,,,,,,,,,,,,,,,,,,,,,,,,,,,,,,,,,,,,,,,,,,,,,,,,,,,,,,,,,,,,,,,,,,,,,,,,,,,,,,,,,,,,,,,,,,,,,,,"1,476,814","1,510,438","1,765,083","2,028,919","2,006,274","2,171,010","2,510,072","2,482,057","2,814,606","3,026,259","3,122,711","3,507,340","3,842,778","3,629,759","3,902,166","3,712,246","4,291,222","4,423,100","4,692,145",4532000,4552000,4813000,5028000,4592000,4860000,5062000,5458000,5860000,6321000,6586000,6974000,7081000,6758000,7074000,6938000,6986000,6761000,6783000,6786000,6759000,6779000,6597000,6186000,"6,815,997","6,624,065","6,552,317","6,456,690","6,364,272","6,346,613","6,323,826","6,195,007","6,198,660","6,141,283","6,072,141","6,025,540","5,884,698","5,753,169","5,625,977"
Korea,,,,,,,,,,,,,,,,,,,,,,,,,,,,,,,,,,,,,,,,,,,,,,,,,,,,,,,,,,,,,,,,,,,,,,,,,,,,,,,,,,,,,,,,,,,,,,,,,,,,,,,,,,,,,,,,,,,,,,,,,,,,,,,"13,449","6,897","14,076","25,062","43,621","41,235","57,662","47,251","60,554","91,215","115,527","92,803","127,631","159,978","174,547","190,049","242,444","446,468","643,700","582,226","599,863","627,980","710,242","757,339","786,344","796,277","874,794","1,025,360","1,208,655","1,431,110","1,745,626","1,719,065","1,670,812","1,877,706","1,914,815","1,857,603","1,819,484","1,517,416","1,610,761","1,834,628","1,975,641","2,029,478","1,972,293","1,819,734","1,761,013","1,800,461","1,846,476","1,918,065","1,822,050","1,857,770","1,887,580","1,727,510","1,691,160","1,761,820","1,841,880","1,779,570","1,895,650","1,962,160"
Malaysia,,,,,,,,,,,,,,,,,,,,,,,,,,,,,,,,,,,,,,,,,,,,,,,,,,,,,,,,,,,,,,,,,,,,,,,,,,,,,,,,,,,,,,,,,,,,,,,,,,,,,,,,,,,,,,,,,,,,,,,,,,,,,,,"41,722","36,253","33,803","32,416","39,045","40,166","39,013","39,052","39,006","36,144","37,442","35,794","48,671","60,816","56,543","64,935","68,942","81,929","99,311","113,826","111,609","122,687","99,415","103,902","108,640","102,973","101,355","111,224","123,879","146,836","143,407","180,935","185,892","196,450","207,477","213,308","240,104","259,231","266,831","145,397","136,089","139,935","140,480","135,672","124,160","124,359","130,185","135,185","141,934","145,694","152,704","158,411","164,229","166,062","166,341","173,724","185,434","197,944"
Philippines,,,,,,,,,,,,,,,,,,,,,,,,,,,,,,,,,,,,,,,,,,,,,,,,,,,,,,,,,,,,,,,,,,,,,,,,,,,,,,,,,,,,,,,,,,,,,,,,,,,,,,,,,,,,,,,,,,,,,,,,,,,,,,,"121,007","152,679","233,391","232,878","248,549","220,624","290,841","349,155","308,510","361,349","388,359","396,713","374,183","497,888","519,805","627,334","677,180","1,966,106","785,224","553,823","543,621","737,512","977,258","955,484","1,207,766","928,274","1,245,646","841,608","814,418","854,252","788,646","808,335","773,755","756,457","845,452","859,404","882,765","895,295","918,803","980,000","1,040,000","1,100,000","1,130,000","1,172,776","1,245,205","1,323,188","1,404,819","1,442,448","1,450,015","1,679,756","1,428,388","1,480,601","1,523,742","1,571,949","1,616,399","1,877,045","2,159,466","2,381,189"
Singapore,,,,,,,,,,,,,,,,,,,,,,,,,,,,,,,,,,,,,,,,,,,,,,,,,,,,,,,,,,,,,,,,,,,,,,,,,,,,,,,,,,,,,,,,,,,,,,,,,,,,,,,,,,,,,,,,,,,,,,,,,,,,,,,"32,014","21,654","25,749","24,930","27,867","31,434","34,414","34,275","34,608","39,782","43,650","40,414","44,751","45,044","45,252","46,241","43,448","41,488","38,907","41,869","43,701","46,955","46,966","46,774","46,724","45,644","46,319","48,501","49,857","51,585","61,519","68,239","68,164","73,522","77,127","79,054","87,154","89,155","89,645","90,884","87,000","84,000","80,663","73,279","77,786","79,661","85,710","89,760","96,545","103,447","109,043","114,092","114,833","117,247","119,520","122,564","121,981","123,835"
Taiwan,,,,,,,,,,,,,,,,,,,,,,,,,,,,,,,,,,,,,,,,,,,,,,,,,,,,,,,,,,,,,,,,,,,,,,,,,,,,,,,,,,,,,,,,,,,,,,,,,,,,,,,,,,,,,,,,,,,,,,,,,,,,,,,"10,000","12,000","15,000","25,000","25,000","24,318","28,976","37,777","54,160","68,044","77,538","89,235","125,289","89,484","104,504","114,117","162,159","214,190","250,270","243,196","246,174","282,505","299,882","307,111","335,305","353,685","386,357","398,673","432,772","455,703","450,079","441,571","463,297","455,337","415,622","388,171","368,016","423,394","407,328","442,660","446,716","449,013","450,869","452,684","470,511","487,957","492,128","487,480","489,194","483,584","489,423","505,721","496,430","512,139","518,076","521,149","522,287","525,436"
Thailand,,,,,,,,,,,,,,,,,,,,,,,,,,,,,,,,,,,,,,,,,,,,,,,,,,,,,,,,,,,,,,,,,,,,,,,,,,,,,,,,,,,,,,,,,,,,,,,,,,,,,,,,,,,,,,,,,,,,,,,,,,,,,,,"7,185","11,072","11,384","15,611","16,056","37,108","33,886","39,182","40,319","36,932","33,331","34,413","45,684","47,168","64,886","78,092","103,496","112,578","159,011","126,581","104,673","121,711","146,717","165,887","104,111","91,963","102,577","137,982","175,143","282,492","306,468","349,071","457,161","550,792","676,548","788,335","953,110","1,052,443","1,060,406","1,180,991","1,292,086","1,394,235","1,725,490","1,804,713","1,781,803","2,000,117","2,161,626","2,009,201","1,836,222","1,895,087","1,923,369","2,031,301","1,974,637","1,927,577","1,886,332","2,050,088","2,079,524","2,101,297"
Other Asia Pacific,,,,,,,,,,,,,,,,,,,,,,,,,,,,,,,,,,,,,,,,,,,,,,,,,,,,,,,,,,,,,,,,,,,,,,,,,,,,,,,,,,,,,,,,,,,,,,,,,,,,,,,,,,,,,,,,,,,,,,,,,,,,,,,"75,567","77,307","79,164","81,010","82,834","84,757","86,721","88,725","90,769","92,962","95,144","97,367","99,699","102,125","104,330","106,563","109,032","111,536","114,194","116,915","119,494","122,067","124,844","127,652","130,535","133,371","136,290","139,302","154,332","175,821","204,180","233,750","271,158","303,368","336,451","349,367","404,150","425,035","468,066","511,699","520,171","528,767","537,415","546,020","554,631","563,051","571,323","579,629","595,196","573,669","581,441","588,309","595,685","600,000","600,000","600,000","600,000","600,000"
Other,,,,,,,,,,,,,,,,,,,,,,,,,,,,,,,,,,,,,,,,,,,,,,,,,,,,,,,,,,,,,,,,,,,,,,,,,,,,,,,,,,,,,,,,,,,,,,,,,,,,,,,,,,,,,,,,,,,,,,,,,,,,,,,,,,,,,,,,,,,,,,,,,,,,,,,,,,,,,,,,,,,,,,,,,,,,,,,,,,,,,,,,
World,,,,,,,,,"2,759,242","2,875,280","2,922,422","3,180,426","2,838,827","2,796,154","2,820,380","2,890,569","3,097,902","3,156,283","3,440,034","3,164,081","3,098,265","3,436,451","3,715,860","3,662,736","3,849,992","4,006,781","3,843,952","3,972,568","4,046,362","4,333,053","4,665,378","5,033,175","4,781,093","4,879,918","4,924,156","4,855,375","5,079,687","5,395,334","5,679,201","5,838,970","5,871,898","6,123,127","6,104,192","6,144,636","5,719,020","6,312,365","8,063,849","8,037,337","8,100,719","8,096,082","12,840,645","14,849,345","15,612,833","15,785,882","16,858,282","17,481,383","18,104,644","18,477,388","19,073,458","19,068,934","20,138,812","21,029,101","21,620,534","22,653,620","23,156,917","23,534,826","23,535,296","23,673,473","24,080,295","24,520,551","24,819,138","25,980,648","26,460,380","26,315,407","24,315,207","25,130,885","27,009,433","26,333,920","26,966,242","21,901,931","18,516,965","17,215,242","13,701,281","12,724,362","12,518,375","11,305,428","12,547,957","11,261,139","11,327,202","12,564,369","13,606,952","13,416,199","13,822,373","14,099,613","14,551,842","13,678,897","11,601,180","10,880,816","10,987,067","11,368,040","10,911,705","9,487,491","1,606,996","1,635,931","3,645,838","3,604,891","3,764,250","3,502,968","3,599,404","3,751,080","499,609","542,908","635,283","626,591","753,519","16,385,708","16,571,568","17,101,835","17,285,047","16,961,232","17,480,772","17,650,464","17,721,083","17,989,269","18,705,784","18,933,300","49,209,389","49,955,237","52,902,992","56,314,453","57,676,047","60,149,031","62,227,833","64,268,281","67,975,788","71,494,044","73,829,538","76,815,293","81,379,503","83,875,254","85,977,498","88,521,490","90,706,906","93,856,920","95,745,648","96,604,494","98,478,056","100,058,384","101,864,387","101,763,220","103,174,164","104,978,868","106,738,717","111,941,596","115,244,083","120,752,749","123,249,508","126,549,092","126,436,961","129,767,054","135,249,524","140,479,939","140,777,132","140,386,867","148,075,488","147,368,337","149,652,740","142,935,539","147,496,541","148,267,346","154,281,896","163,499,322","172,388,229","175,775,161","177,017,259","180,103,361","183,674,552","186,581,769","186,993,172","187,009,824","184,766,378","183,501,444","184,964,595","188,200,165"
Unnamed: 55,,,,,,,,,,,,,,,,,,,,,,,,,,,,,,,,,,,,,,,,,,,,,,,,,,,,,,,,,,,,,,,,,,,,,,,,,,,,,,,,,,,,,,,,,,,,,,,,,,,,,,,,,,,,,,,,,,,,,,,,,,,,,,,,,,,,,,,,,,,,,,,,,,,,,,,,,,,,,,,,,,,,,,,,,,,,,,,,,,,,,,,,
Coeff. of variation,1.1,1.08,1.05,1.04,1.02,1.1,0.99,0.95,1.33,1.32,1.31,1.31,1.35,1.38,1.37,1.35,1.34,1.34,1.31,1.28,1.22,1.22,1.2,1.48,1.24,1.27,1.5,1.24,1.25,1.53,1.27,1.28,1.56,1.27,1.27,1.32,1.58,1.33,1.33,1.6,1.35,1.35,1.34,1.6,1.59,1.66,1.53,1.54,1.64,1.64,1.44,1.37,1.36,1.35,1.38,1.38,1.38,1.37,1.28,1.26,1.4,1.31,1.33,1.45,1.44,1.44,1.44,1.43,1.43,1.42,1.42,1.41,1.43,1.41,1.4,1.4,1.39,1.4,1.34,1.55,1.58,1.58,1.74,1.64,1.31,1.44,1.34,1.39,1.31,1.39,1.47,1.48,1.51,1.48,1.5,1.39,1.32,1.32,1.36,1.4,1.18,1.3,1.09,1.05,1.39,1.37,1.39,1.42,1.08,1.42,1.02,0.95,1.01,1.01,0.96,1.58,1.56,1.65,1.64,1.61,1.59,1.58,1.54,1.52,1.52,1.52,2.03,2.07,2.04,2.04,2.02,2,1.97,1.96,1.97,1.93,1.94,1.91,1.87,1.87,1.87,1.86,1.85,1.82,1.84,1.85,1.85,1.83,1.81,1.81,1.76,1.74,1.74,1.68,1.63,1.62,1.58,1.63,1.63,1.63,1.62,1.67,1.66,1.64,1.68,1.69,1.68,1.71,1.74,1.79,1.81,1.86,1.92,1.95,2.01,2.04,2.08,2.11,2.16,2.14,2.13,,,
Norway,,,,,,,,,,,,,,,,,,,,,,,,,,,,,,,,,,,,,,,,,,,,,,,,,,,,,,,,,,,,,,,,,,,,,,,,,,,,,,,,,,,,,,,,,,,,,,,,,,,,,,,,,,,,,,,,,,,,,,,,,,,,,,,"140,381","135,044","145,032","145,311","153,064","159,295","167,361","182,343","196,661","210,152","224,642","237,728","243,798","255,942","265,373","261,253","265,953","268,774","267,881","251,493","234,139","245,973","235,779","243,806","242,691","262,080","262,379","265,665","261,129","264,856","269,910","262,899","255,845","265,015","266,395","280,406","288,783","312,172","281,596","292,412","282,862","291,451","279,978","239,269","242,702","253,869","260,122","270,455","260,778","251,636","245,583","242,812","248,089","254,906","257,477","268,759","267,262","277,033"
Unnamed: 58,,,,,,,,,,,,,,,,,,,,,,,,,,,,,,,,,,,,,,,,,,,,,,,,,,,,,,,,,,,,,,,,,,,,,,,,,,,,,,,,,,,,,,,,,,,,,,,,,,,,,,,,,,,,,,,,,,,,,,,,,,,,,,,,,,,,,,,,,,,,,,,,,,,,,,,,,,,,,,,,,,,,,,,,,,,,,,,,,,,,,,,,
Unnamed: 59,,,,,,,,,,,,,,,,,,,,,,,,,,,,,,,,,,,,,,,,,,,,,,,,,,,,,,,,,,,,,,,,,,,,,,,,,,,,,,,,,,,,,,,,,,,,,,,,,,,,,,,,,,,,,,,,,,,,,,,,,,,,,,,,,,,,,,,,,,,,,,,,,,,,,,,,,,,,,,,,,,,,,,,,,,,,,,,,,,,,,,,,
Unnamed: 60,,,,,,,,,,,,,,,,,,,,,,,,,,,,,,,,,,,,,,,,,,,,,,,,,,,,,,,,,,,,,,,,,,,,,,,,,,,,,,,,,,,,,,,,,,,,,,,,,,,,,,,,,,,,,,,,,,,,,,,,,,,,,,,,,,,,,,,,,,,,,,,,,,,,,,,,,,,,,,,,,,,,,,,,,,,,,,,,,,,,,,,,
Unnamed: 61,,,,,,,,,,,,,,,,,,,,,,,,,,,,,,,,,,,,,,,,,,,,,,,,,,,,,,,,,,,,,,,,,,,,,,,,,,,,,,,,,,,,,,,,,,,,,,,,,,,,,,,,,,,,,,,,,,,,,,,,,,,,,,,,,,,,,,,,,,,,,,,,,,,,,,,,,,,,,,,,,,,,,,,,,,,,,,,,,,,,,,,,
Unnamed: 62,,,,,,,,,,,,,,,,,,,,,,,,,,,,,,,,,,,,,,,,,,,,,,,,,,,,,,,,,,,,,,,,,,,,,,,,,,,,,,,,,,,,,,,,,,,,,,,,,,,,,,,,,,,,,,,,,,,,,,,,,,,,,,,,,,,,,,,,,,,,,,,,,,,,,,,,,,,,,,,,,,,,,,,,,,,,,,,,,,,,,,,,
Unnamed: 63,,,,,,,,,,,,,,,,,,,,,,,,,,,,,,,,,,,,,,,,,,,,,,,,,,,,,,,,,,,,,,,,,,,,,,,,,,,,,,,,,,,,,,,,,,,,,,,,,,,,,,,,,,,,,,,,,,,,,,,,,,,,,,,,,,,,,,,,,,,,,,,,,,,,,,,,,,,,,,,,,,,,,,,,,,,,,,,,,,,,,,,,
